"TDO2","IDO1","IDO2","AFMID","GOT2","AADAT","KYNU","KMO","QPRT","HAAO","ACMSD","Clase"
8.843,8.124,3.832,10.51,11.55,8.111,8.918,8.403,10.26,8.712,1.867,"TCGA_LGG"
8.153,4.935,1.159,7.836,11.15,8.53,7.339,7.628,8.781,6.838,8.691,"TCGA_LGG"
7.233,4.023,0,8.489,11.32,8.378,5.667,2.183,9.966,6.442,1.77,"TCGA_LGG"
7.022,2.396,0.6162,8.197,12.29,7.918,6.998,9.401,10.59,6.188,7.329,"TCGA_LGG"
6.956,0,0,10.56,11.17,8.744,6.12,2.319,9.691,7.697,0,"TCGA_LGG"
6.826,0,1.152,9.074,12.56,9.279,5.235,4.095,7.414,5.212,2.223,"TCGA_LGG"
6.813,1.259,2.164,10.03,11.37,8.938,7.256,2.319,8.967,6.156,2.716,"TCGA_LGG"
6.606,0,0,10.06,11.56,8.626,4.022,2.822,7.667,4.678,1.791,"TCGA_LGG"
6.501,0.7472,0.7472,9.16,11.65,10.23,5.009,4.052,7.344,5.924,1.893,"TCGA_LGG"
6.397,6.636,0.6852,8.163,11.38,8.718,6.232,6.046,8.123,6.755,0.6852,"TCGA_LGG"
6.348,1.248,1.615,8.983,11.49,9.206,3.586,3.359,8.794,6.634,2.701,"TCGA_LGG"
6.34,2.163,0,9.092,11.41,9.141,6.113,4.275,9.318,6.651,1.92,"TCGA_LGG"
6.262,2.505,0,10.58,11.26,7.893,4.662,2.514,12.43,7.864,0,"TCGA_LGG"
6.249,0,0.7009,10.37,12.78,9.061,4.477,6.026,10.45,5.708,0,"TCGA_LGG"
6.195,2.943,2.507,9.842,11.21,8.991,6.38,3.194,8.766,7.324,2.667,"TCGA_LGG"
6.192,0,0.849,8.035,11.6,9.169,4.778,3.928,9.232,5.442,0.849,"TCGA_LGG"
6.155,4.215,0.8468,9.223,12.75,8.91,3.606,6.313,9.837,5.207,2.068,"TCGA_LGG"
6.136,4.379,0,7.592,11.38,8.302,7.261,6.221,10.57,6.82,1.335,"TCGA_LGG"
6.112,0.7997,1.311,9.177,11.35,8.588,3.841,2.51,10.07,5.331,2.445,"TCGA_LGG"
6.098,3.271,0,9.342,12.31,8.649,6.134,5.396,10.57,6.237,1.726,"TCGA_LGG"
6.033,1.995,1.134,9.629,11.39,9.27,7.92,3.563,8.539,6.308,3.555,"TCGA_LGG"
6.03,5.635,1.11,8.765,11.72,8.982,9.026,6.888,10.83,8.067,1.453,"TCGA_LGG"
6.01,0,0,10.09,11.45,9.073,5.292,2.507,8.52,6.845,0.6668,"TCGA_LGG"
5.997,0,0,9.727,12.93,9.137,4.651,6.365,10.03,6.093,0,"TCGA_LGG"
5.964,2.393,0.5582,9.124,11.95,8.89,7.703,6.402,10.98,6.268,0.9595,"TCGA_LGG"
5.959,0,0.8121,9.526,12.64,8.859,3.625,5.971,10.12,5.437,0.8121,"TCGA_LGG"
5.837,9.034,0,8.128,11.69,8.545,6.045,5.559,8.599,5.626,2.856,"TCGA_LGG"
5.836,4.273,1.101,8.762,12.08,8.624,6.908,6.012,10.16,7.738,2.481,"TCGA_LGG"
5.826,3.101,0,10.01,12.26,9.539,4.978,5.647,9.173,5.291,1.277,"TCGA_LGG"
5.779,0,0,9.352,12.7,8.99,3.931,5.671,9.907,5.643,0.6958,"TCGA_LGG"
5.762,0,0,9.389,12.3,8.807,4.441,5.531,9.897,5.648,0.6707,"TCGA_LGG"
5.732,0.6902,0,10.46,12.72,8.678,3.351,5.89,9.113,5.977,0,"TCGA_LGG"
5.689,2.383,0,9.065,11.57,9.185,4.678,3.621,7.53,3.978,2.383,"TCGA_LGG"
5.664,4.104,2.121,9.214,12.52,8.465,6.681,7.109,10.46,7.246,1.42,"TCGA_LGG"
5.531,0,0,9.137,12.68,8.72,4.143,4.602,8.6,4.886,2.193,"TCGA_LGG"
5.478,0,0,9.225,12.51,8.327,4.982,5.261,9.631,6.09,1.746,"TCGA_LGG"
5.456,1.132,0,9.577,12.74,8.82,5.354,5.166,10.22,6.237,1.479,"TCGA_LGG"
5.383,1.327,0,9.756,12.14,8.369,4.608,4.047,10.24,5.866,1.327,"TCGA_LGG"
5.321,3.137,0,9.414,12.01,8.75,5.173,4.484,9.354,5.403,0,"TCGA_LGG"
5.294,5.189,2.214,9.805,11.69,7.472,8.707,7.403,11.08,6.634,3.05,"TCGA_LGG"
5.292,3.065,2.508,8.843,11.63,8.318,6.827,4.394,9.015,6.626,2.508,"TCGA_LGG"
5.268,0,0,10.38,11.57,8.671,5.917,2.326,9.343,6.382,0,"TCGA_LGG"
5.231,0,0,8.963,10.99,8.704,4.048,1.679,9.903,7.001,0.9367,"TCGA_LGG"
5.231,0,0,7.938,12.24,8.841,4.786,5.042,9.792,6.422,0.8723,"TCGA_LGG"
5.191,1.505,0,8.054,11.56,8.241,3.589,1.154,7.8,6.03,0,"TCGA_LGG"
5.172,4.802,0.86,9.879,11.74,7.448,6.615,5.633,9.808,8.046,2.911,"TCGA_LGG"
5.168,5.065,0,9.068,11.73,8.524,5.387,3.641,10.52,5.785,2.441,"TCGA_LGG"
5.168,3.527,0,9.927,11.99,9.395,6.078,5.597,8.353,6.43,0.5643,"TCGA_LGG"
5.157,3.351,1.272,8.858,11.67,8.788,5.345,4.689,9.894,5.757,0,"TCGA_LGG"
5.134,1.627,0,9.44,13.08,8.641,4.918,6.059,10.3,5.715,1.258,"TCGA_LGG"
5.132,0.6577,0,8.474,12.02,8.625,3.184,4.512,8.889,4.52,0.6577,"TCGA_LGG"
5.122,12.6,5.508,8.054,11.13,7.738,8.555,7.203,12.03,7.411,2.523,"TCGA_LGG"
5.105,0,0,9.653,12.62,8.681,4.238,4.808,9.222,5.62,0,"TCGA_LGG"
5.076,1.847,0,9.422,11.93,8.717,5.684,5.444,8.382,5.768,2.505,"TCGA_LGG"
5.075,2.665,0,8.109,11.41,9.36,6.124,2.419,8.174,6.905,2.117,"TCGA_LGG"
5.051,0,0.8511,9.702,12.2,8.885,4.783,4.492,9.701,5.799,0,"TCGA_LGG"
5.046,0,0,8.762,12.03,9.327,4.631,4.769,8.634,5.93,1.842,"TCGA_LGG"
5.028,2.464,0,7.941,11.8,8.94,4.606,4.579,10.8,4.465,0.8098,"TCGA_LGG"
5.005,3.749,0,8.435,11.13,9.63,6.87,4.829,10.55,7.101,1.092,"TCGA_LGG"
4.988,8.705,0,8.309,11.6,8.864,4.988,7.181,10.88,5.138,2.765,"TCGA_LGG"
4.977,0.7733,0,8.952,11.95,9.409,5.216,4.817,9.468,6.154,0.7733,"TCGA_LGG"
4.949,3.929,0.5602,9.781,12.21,8.067,6.975,7.813,11.53,7.985,4.058,"TCGA_LGG"
4.949,3.82,0,8.656,11.63,8.225,6.317,5.473,9.704,6.277,1.672,"TCGA_LGG"
4.923,1.12,0.6662,10.13,11.51,8.74,1.976,5.177,11.69,4.837,2.51,"TCGA_LGG"
4.915,7.892,3.493,8.219,11.91,8.684,7.295,6.313,10.27,7.344,1.056,"TCGA_LGG"
4.897,3.035,0.5985,8.29,10.82,8.619,6.815,2.386,8.904,6.815,0.5985,"TCGA_LGG"
4.859,0,0.7108,9.722,11.69,8.848,4.025,3.751,9.311,5.972,1.185,"TCGA_LGG"
4.835,5.763,0.6653,7.79,11.01,8.418,6.734,5.854,10.22,6.53,1.741,"TCGA_LGG"
4.792,1.876,0,8.123,12.17,8.522,5.933,5.146,8.105,6.743,1.224,"TCGA_LGG"
4.769,0,0.758,8.384,11.56,9.106,5.867,3.202,8.964,6.483,1.252,"TCGA_LGG"
4.767,3.192,0,8.347,11.58,9.124,5.811,2.446,9.683,6.16,1.892,"TCGA_LGG"
4.746,3.316,0.6109,8.936,11.92,8.479,5.397,10.36,12.04,4.358,1.368,"TCGA_LGG"
4.712,0,0,8.363,11.47,8.494,4.955,1.771,7.676,6.179,1.138,"TCGA_LGG"
4.689,0.6693,0,8.648,11.49,9.732,6.017,4.527,9.327,5.936,2.36,"TCGA_LGG"
4.687,0.868,0.868,8.88,11.6,8.751,3.552,4.463,9.703,4.687,0.868,"TCGA_LGG"
4.652,5.146,1.142,9.822,11.6,8.82,8.038,6.516,9.535,6.869,0.6812,"TCGA_LGG"
4.628,0.8199,0,7.246,11.76,8.77,6.158,4.517,8.35,5.905,0.8199,"TCGA_LGG"
4.585,2.667,0,10.72,12.44,9.328,5.587,3.391,9.709,6.205,2.074,"TCGA_LGG"
4.576,1.487,0,8.725,11.42,8.523,7.887,4.818,9.654,6.681,3.14,"TCGA_LGG"
4.507,0,0,10.78,11.57,8.502,5.046,4.025,9.323,5.318,0,"TCGA_LGG"
4.496,2.634,0.8022,8.966,11.78,8.237,5.363,3.646,9.277,6.236,0.8022,"TCGA_LGG"
4.477,0,0,8.796,11.75,8.663,5.296,5.348,10.23,5.98,0,"TCGA_LGG"
4.469,0,0,8.553,12.27,9.25,4.564,4.811,9.19,5.486,0.8117,"TCGA_LGG"
4.462,0.6948,0,9.974,11.21,8.631,5.529,1.373,9.443,7.15,1.162,"TCGA_LGG"
4.457,0,0,9.484,11.63,8.934,4.525,3.944,8.475,5.066,1.035,"TCGA_LGG"
4.455,0,0,8.577,12.25,8.42,5.278,4.382,9.015,5.983,0,"TCGA_LGG"
4.439,0,0.627,9.21,11.18,9.258,5.442,3.788,9.424,5.249,1.668,"TCGA_LGG"
4.396,5.588,1.456,8.783,11.37,8.803,6.214,5.204,10.83,8.013,1.456,"TCGA_LGG"
4.37,0.5656,0.9709,9.187,12.03,9.267,4.987,3.567,9.481,5.615,1.287,"TCGA_LGG"
4.354,1.918,1.689,8.974,12.2,8.835,5.339,4.429,11.16,6.227,0.6377,"TCGA_LGG"
4.35,1.363,0.608,9.395,12.01,9.598,6.089,4.136,7.86,5.333,2.051,"TCGA_LGG"
4.338,0,0,9.602,11,9.916,4.079,1.868,8.97,6.246,2.109,"TCGA_LGG"
4.273,0,0.7698,9.03,12.09,9.133,3.618,3.057,8.536,4.163,2.387,"TCGA_LGG"
4.264,0,0.7658,8.718,11.38,9.555,5.665,3.072,8.952,6.016,0.7658,"TCGA_LGG"
4.236,3.507,0,7.523,11.51,9.511,5.36,3.761,9.031,4.689,1.78,"TCGA_LGG"
4.231,1.73,0.826,8.865,11.7,9.142,7.738,4.976,9.267,6.426,1.348,"TCGA_LGG"
4.198,6.264,0.7161,8.451,10.63,8.206,8.122,6.226,9.055,6.996,3.123,"TCGA_LGG"
4.175,2.888,1.276,8.076,11.56,8.554,5.425,4.705,10.35,6.963,3.253,"TCGA_LGG"
4.169,0,0.8871,6.275,11.27,8.601,5.163,3.27,9.12,6.481,1.432,"TCGA_LGG"
4.156,0,0,8.886,11.85,9.181,4.325,4.844,9.826,5.529,0.529,"TCGA_LGG"
4.152,5.146,0,9.976,11.79,8.024,6.491,5.64,9.932,7.555,2.593,"TCGA_LGG"
4.139,2.839,0,9.708,12,7.555,6.466,4.875,12.07,7.149,3.439,"TCGA_LGG"
4.106,0,0,8.399,11.23,9.085,5.835,3.074,9.082,7.403,2.137,"TCGA_LGG"
4.082,0,0,8.983,11.99,9.437,3.812,4.112,9.705,5.631,1.666,"TCGA_LGG"
4.077,2.961,1.331,9.752,11.89,8.57,6.452,4.409,8.805,6.258,2.175,"TCGA_LGG"
4.071,0,0,7.671,10.97,8.972,4.686,2.261,9.352,6.43,0.7548,"TCGA_LGG"
4.06,7.02,3.233,8.25,10.65,8.307,8.12,7.234,11.18,8.387,4.154,"TCGA_LGG"
4.052,4.583,2.351,9.6,11.36,8.187,4.583,3.999,8.516,6.772,0,"TCGA_LGG"
4.046,0,0,8.577,11.42,7.986,4.722,4.407,10.6,5.18,1.64,"TCGA_LGG"
4.031,3.069,0,8.44,11.99,8.813,6.558,5.158,9.826,6.877,1.942,"TCGA_LGG"
4.005,3.253,0,8.867,10.98,9.361,7.161,5.854,9.608,8.953,5.072,"TCGA_LGG"
3.967,1.06,1.892,8.317,11.11,8.639,3.967,3.333,9.363,4.667,2.089,"TCGA_LGG"
3.966,1.676,0,8.963,11.38,9.019,4.734,3.04,8.837,6.672,1.301,"TCGA_LGG"
3.962,2.443,0.7085,10.51,11.61,8.437,6.304,3.671,10.01,7.167,2.264,"TCGA_LGG"
3.938,4.691,0.5633,7.153,11.21,8.735,5.164,2.864,10.24,5.427,1.541,"TCGA_LGG"
3.932,0,0.8419,9.134,11.07,9.667,5.648,2.725,10.8,7.05,1.37,"TCGA_LGG"
3.87,0.5399,0,8.812,11.67,9.742,4.327,5.329,9.383,4.225,2.689,"TCGA_LGG"
3.849,0.5819,0,9.512,11.62,8.148,6.997,3.481,7.762,6.467,0,"TCGA_LGG"
3.836,0,0,8.677,11.17,8.781,5.096,0.8718,7.771,7.082,1.411,"TCGA_LGG"
3.828,4.954,2.926,8.51,11.26,9.026,5.597,3.912,9.826,6.129,1.137,"TCGA_LGG"
3.8,0.8969,0.8969,9.384,10.81,9.191,3.708,3.717,8.192,4.88,1.842,"TCGA_LGG"
3.784,2.956,0,8.702,11.69,9.257,5.823,2.257,8.6,5.572,0.8084,"TCGA_LGG"
3.776,1.824,0,7.419,11.14,8.993,6.911,4.555,7.898,5.747,2.445,"TCGA_LGG"
3.771,3.21,1.071,8.557,11.35,9.309,5.863,3.816,8.542,6.62,2.104,"TCGA_LGG"
3.761,1.812,0,7.915,11.27,9.207,4.398,2.623,8.399,6.524,2.049,"TCGA_LGG"
3.75,2.273,0,10.02,11.18,9.103,5.612,3.056,9.128,7.356,1.954,"TCGA_LGG"
3.728,3.728,0.7181,8.677,10.95,8.776,6.512,4.211,10.09,6.815,2.463,"TCGA_LGG"
3.726,0,0,8.616,11.29,7.448,4.534,4.205,11.21,7.98,1.339,"TCGA_LGG"
3.693,0,0,8.599,11.26,7.636,5.687,3.336,8.974,6.223,3.236,"TCGA_LGG"
3.679,1.93,0,8.818,12.23,8.51,6.405,6.43,9.297,5.625,2.128,"TCGA_LGG"
3.645,4.549,1.145,9.001,11.54,9.021,6.453,5.255,10.53,7.425,1.145,"TCGA_LGG"
3.635,1.667,0.6268,8.233,11.65,7.995,5.248,4.17,10.22,5.185,3.756,"TCGA_LGG"
3.617,0.8085,0,9.239,11.14,8.955,4.731,1.675,9.287,6.625,2.002,"TCGA_LGG"
3.614,1.7,0,8.048,11.19,9.351,5.81,3.237,8.042,6.222,1.7,"TCGA_LGG"
3.603,2.304,0,9.403,11.2,8.47,5.741,4.413,8.042,5.022,0,"TCGA_LGG"
3.584,0.7544,0,8.945,11.85,8.943,4.996,3.778,9.341,4.796,1.614,"TCGA_LGG"
3.541,0.8155,0,7.989,12.05,8.256,5.542,3.74,10.62,6.662,1.714,"TCGA_LGG"
3.506,0,0.7993,10.18,11.54,8.63,4.34,1.511,10.03,6.201,1.688,"TCGA_LGG"
3.489,2.14,0,8.703,11.05,9.027,5.759,4.352,10.7,6.55,1.241,"TCGA_LGG"
3.452,0,0,9.444,11.37,9.078,4.385,3.126,8.601,6.173,2.022,"TCGA_LGG"
3.434,1.668,0,11.29,11.91,9.176,5.186,2.785,8.813,6.471,2.806,"TCGA_LGG"
3.427,0,0,8.899,11.25,9.261,5.413,3.373,10.18,5.942,1.561,"TCGA_LGG"
3.417,0,0,9.031,11.04,9.336,4.193,1.007,7.568,5.432,0,"TCGA_LGG"
3.402,4.132,1.852,8.734,11.2,8.78,5.89,4.001,9.933,7.501,0,"TCGA_LGG"
3.38,0,0,8.685,11.57,8.864,5.16,5.055,10.86,6.667,0.7858,"TCGA_LGG"
3.342,0,0,9.766,11.69,8.709,5.722,3.809,11.25,6.565,3.23,"TCGA_LGG"
3.305,2.547,0,8.834,11.75,9.609,4.656,4.648,9.323,5.342,3.047,"TCGA_LGG"
3.303,0,1.608,8.484,11.16,9.357,2.968,4.18,9.081,4.378,2.692,"TCGA_LGG"
3.278,0.8408,0,10.06,11.17,9.188,4.92,0,10.3,6.059,0.8408,"TCGA_LGG"
3.269,4.811,0,10.04,11.93,9.171,6.391,4.344,9.994,6.611,1.448,"TCGA_LGG"
3.26,0,0,9.346,11.44,8.784,4.302,3.048,10.31,5.404,0,"TCGA_LGG"
3.247,0,0,8.967,11.25,9.046,5.551,2.977,8.204,7.024,0.8872,"TCGA_LGG"
3.24,1.316,0,9.394,11.6,9.167,5.467,3.539,8.181,6.161,0.5819,"TCGA_LGG"
3.227,0.8161,0,8.361,11.57,8.474,4.377,2.931,9.653,5.741,0,"TCGA_LGG"
3.222,0,0,8.118,11.53,8.59,3.704,3.603,9.846,6.119,0.9455,"TCGA_LGG"
3.198,4.764,0,8.508,11.79,8.111,8.372,4.531,10.91,5.823,3.816,"TCGA_LGG"
3.194,0.9301,0,9.3,11.56,9.221,5.253,3.162,9.664,5.286,0.9301,"TCGA_LGG"
3.187,2.717,2.476,9.604,12.06,8.862,3.973,3.514,11.14,5.445,2.185,"TCGA_LGG"
3.139,0.5197,0,9.36,11.54,8.889,3.809,1.451,9.959,5.067,1.202,"TCGA_LGG"
3.103,5.024,1.461,8.732,11.67,8.469,7.79,5.658,8.267,6.14,1.461,"TCGA_LGG"
3.102,1.534,0,9.719,11.33,9.127,6.912,2.815,10.63,7.934,1.534,"TCGA_LGG"
3.101,0,0,8.253,11.08,9.37,3.474,1.135,10.02,5.926,0,"TCGA_LGG"
3.091,0.8089,0,10.02,11.32,8.816,4.413,2.427,9.989,6.463,0,"TCGA_LGG"
3.08,2.109,0,9.172,11.19,8.51,3.451,3.135,10.9,7.052,0,"TCGA_LGG"
3.076,0,0,9.111,11.43,9.238,3.076,2.392,11.01,4.883,1.798,"TCGA_LGG"
3.075,0,0,10.12,11.04,9.362,5.691,2.844,8.132,6.945,1.237,"TCGA_LGG"
3.052,1.03,0.6051,8.589,12.89,9.718,4.449,3.761,7.307,5.035,0.6051,"TCGA_LGG"
2.999,0,0,8.25,11.52,9.31,4.262,4.29,10.49,4.99,1.632,"TCGA_LGG"
2.981,0,0,6.927,11.1,7.657,4.922,3.199,10.3,8.511,1.843,"TCGA_LGG"
2.936,0,0,9.236,11.68,9.506,3.904,4.621,7.109,5.975,2.5,"TCGA_LGG"
2.901,0,0,8.957,11.04,8.99,4.748,0,9.506,7.445,2.41,"TCGA_LGG"
2.882,0,0,7.057,10.89,8.999,5.038,4.379,10.38,5.561,2.065,"TCGA_LGG"
2.876,0,0,8.308,11.4,9.474,4.433,3.15,10.45,4.749,1.638,"TCGA_LGG"
2.865,0,1.441,9.377,11.32,8.854,4.74,3.122,9.008,5.019,2.147,"TCGA_LGG"
2.82,2.548,0.6837,9.57,11.55,9.339,6.393,1.145,10.45,4.996,1.776,"TCGA_LGG"
2.795,3.157,0,9.025,11.6,7.658,6.929,4.801,11.6,8.949,3.447,"TCGA_LGG"
2.754,0,0,7.897,11.01,8.368,6.539,3.003,10.09,7.975,0.6552,"TCGA_LGG"
2.751,1.72,0,9.875,11.17,8.316,6.405,2.128,10.07,8.236,1.72,"TCGA_LGG"
2.722,0,0,9.44,11.3,9.296,4.209,2.794,9.274,6.373,0.7654,"TCGA_LGG"
2.72,3.118,2.167,9.519,10.68,8.584,5.757,2.376,9.214,6.636,0,"TCGA_LGG"
2.703,0.7563,0,9.005,11.59,8.206,4.015,3.038,10.79,5.091,0,"TCGA_LGG"
2.697,0,0,9.258,11.62,8.975,5.383,1.111,7.742,6.484,0.8347,"TCGA_LGG"
2.655,0,0,9.495,11.01,9.323,4.317,4.949,9.779,6.047,2.259,"TCGA_LGG"
2.653,0,0,10.16,11.31,8.426,5.282,1.301,9.799,7.659,0.9121,"TCGA_LGG"
2.602,2.443,0.7085,8.693,10.93,9.507,5.875,4.44,9.146,6.661,2.264,"TCGA_LGG"
2.522,3.646,0,8.905,11.56,8.72,7.896,6.53,10.16,6.103,1.601,"TCGA_LGG"
2.515,0.6687,0,9.74,11.2,9.34,3.805,2.725,7.675,5.788,1.469,"TCGA_LGG"
2.51,2.353,0,8.986,11.69,8.497,7.056,3.424,8.774,7.01,1.12,"TCGA_LGG"
2.478,0,0,8.224,11.2,8.882,5.659,3.636,8.592,6.023,1.716,"TCGA_LGG"
2.462,2.462,0,8.414,11.26,8.027,6.453,0.9277,11.36,8.188,2.871,"TCGA_LGG"
2.402,0.6892,0.6892,10.22,11.03,9.355,4.028,3.54,9.07,6.195,1.154,"TCGA_LGG"
2.395,0.8889,0.8889,8.105,10.68,9.281,2.395,3.713,11.16,5.06,0,"TCGA_LGG"
2.387,0,0,9.225,11.54,8.807,4.818,1.995,8.637,5.97,1.492,"TCGA_LGG"
2.386,2.769,0,9.785,11.65,10.02,4.935,6.615,6.95,4.96,1.37,"TCGA_LGG"
2.378,2.56,0,7.482,11.62,8.923,4.892,3.801,9.424,4.786,1.263,"TCGA_LGG"
2.362,0,0,9.615,11.26,8.716,4.485,2.291,8.461,5.093,2.982,"TCGA_LGG"
2.36,0,0,9.157,11.44,9.056,3.886,1.867,10.73,6.627,1.91,"TCGA_LGG"
2.348,0,0,8.246,11.47,8.259,6.36,2.94,7.957,6.54,1.606,"TCGA_LGG"
2.295,0,0.7236,8.568,10.79,9.344,3.741,2.001,11.13,5.012,2.295,"TCGA_LGG"
2.293,2.449,0,9.751,11.93,8.899,5.059,2.916,7.068,5.563,2.589,"TCGA_LGG"
2.286,0,0,8.755,11.3,9.077,5.035,1.108,9.408,5.64,0,"TCGA_LGG"
2.266,0,0.8169,8.014,10.89,9.528,3.635,4.355,10.39,4.665,0.8169,"TCGA_LGG"
2.19,3.36,0.7764,9.667,11.31,9.183,5.543,3.485,10.21,7.378,0.7764,"TCGA_LGG"
2.139,0,0,7.369,11.59,8.847,5.63,2.598,8.716,6.878,1.434,"TCGA_LGG"
2.119,0,0,9.912,11.11,10.06,4.442,3.312,7.535,5.951,2.119,"TCGA_LGG"
2.109,1.41,0.6343,10.34,11.16,9.395,5.329,2.261,10.14,6.749,4.041,"TCGA_LGG"
2.103,0,0,9.22,11.28,8.601,5.12,2.046,11.14,6.338,0,"TCGA_LGG"
2.088,0,0,10.59,11.43,8.886,2.907,2.194,9.938,6.758,1.392,"TCGA_LGG"
2.085,0,0,9.494,11.63,9.012,4.852,4.314,11.08,5.318,1.558,"TCGA_LGG"
2.07,4.674,2.07,9.347,10.61,7.82,6.32,5.853,11.02,7.7,0,"TCGA_LGG"
2.008,0,0,8.479,11.67,9.795,3.624,2.164,7.811,5.19,0,"TCGA_LGG"
1.978,0,0,9.055,10.93,9.427,3.972,1.79,8.482,6.328,0,"TCGA_LGG"
1.947,0.9648,0.9648,9.17,11.36,9.653,5.974,4.491,8.264,6.287,2.938,"TCGA_LGG"
1.946,3.073,0,8.61,12.06,8.365,6.296,4.386,9.404,5.816,0,"TCGA_LGG"
1.89,0,0,7.966,11.28,8.957,4.502,1.432,9.556,7.234,2.141,"TCGA_LGG"
1.882,0,0.7412,9.402,11.21,9.01,4.258,1.877,9.46,6.57,1.882,"TCGA_LGG"
1.873,1.221,0,9.921,11.81,9.988,4.679,3.154,9.544,4.39,0.736,"TCGA_LGG"
1.858,4.459,0,9.441,11.7,9.022,5.955,4.735,11.4,5.723,2.098,"TCGA_LGG"
1.845,0,1.027,9.32,11.31,9.115,4.05,1.862,9.83,4.695,3.134,"TCGA_LGG"
1.765,1.137,0,9.736,12.31,8.898,5.035,5.398,9.856,6.314,1.485,"TCGA_LGG"
1.745,0,1.979,8.409,10.71,9.744,4.509,1.979,7.927,4.432,1.122,"TCGA_LGG"
1.684,0,0,9.258,11.4,8.429,5.243,3.324,7.47,5.907,2.44,"TCGA_LGG"
1.676,0.6312,0,8.198,11.06,9.207,4.413,4.267,10.19,5.608,1.069,"TCGA_LGG"
1.638,0,0,9.009,11.33,9.165,5.206,3.96,10.44,5.143,1.864,"TCGA_LGG"
1.618,1.251,0,9.09,10.8,9.316,3.888,2.687,10.47,4.692,2.982,"TCGA_LGG"
1.548,0,0,9.299,11.4,8.338,4.551,2.478,7.9,5.952,0,"TCGA_LGG"
1.432,4.026,0.6474,7.445,10.98,9.226,7.017,4.339,10.67,6.463,1.092,"TCGA_LGG"
1.276,3.322,0,8.477,11.2,9.024,6.552,3.645,7.703,6.508,1.752,"TCGA_LGG"
1.22,0,0,9.528,10.91,9.288,4.52,1.608,9.126,5.488,2.112,"TCGA_LGG"
1.092,1.707,0,9.305,11.8,9.43,5.006,4.25,7.965,5.006,2.607,"TCGA_LGG"
0.7354,1.22,0,7.956,11.48,7.717,5.098,0.7354,7.189,5.069,1.22,"TCGA_LGG"
0.6946,3.074,0,7.143,11.38,8.013,6.969,3.63,11.14,9.355,5.727,"TCGA_LGG"
0.6942,1.161,1.161,7.648,10.98,9.218,4.817,2.119,8.604,6.324,2.844,"TCGA_LGG"
11.14,5.981,1.687,9.101,11.51,8.014,8.445,6.941,10.68,6.338,7.349,"TCGA_GM"
10.16,7.05,1.889,10.6,12.11,8.322,8.667,6.311,9.496,7.252,5.28,"TCGA_GM"
9.899,10.84,0,8.406,11.9,8.071,7.948,6.489,10.74,7.45,2.276,"TCGA_GM"
9.452,4.763,0.7876,9.09,11.31,7.826,7.958,8.875,11.73,7.149,6.338,"TCGA_GM"
9.294,4.736,0.7759,9.665,12.22,8.79,7.712,6.563,10.4,5.803,2.744,"TCGA_GM"
9.196,3.354,0,8.85,11.83,8.035,7.893,7.818,8.145,6.225,5.357,"TCGA_GM"
8.859,5.674,1.387,10.38,11.43,7.775,9.376,8.453,10.73,7.921,2.08,"TCGA_GM"
8.842,6.385,0.9243,9.262,11.37,7.4,9.302,7.283,8.903,7.167,0.9243,"TCGA_GM"
8.561,7.588,0,8.994,11.96,8.387,7.443,6.343,9.777,7.185,3.724,"TCGA_GM"
8.274,5.34,2.57,9.237,11.37,8.208,9.002,7.391,9.538,7.697,2.757,"TCGA_GM"
8.213,3.624,0,8.255,11.56,8.116,6.776,5.221,9.788,5.26,0.7366,"TCGA_GM"
7.959,4.719,0,9.937,11.84,8.87,6.838,6.68,9.84,5.691,5.042,"TCGA_GM"
7.806,5.583,0,8.633,11.3,7.086,7.967,7.203,9.502,7.117,3.67,"TCGA_GM"
7.667,3.4,0.8449,8.094,11.35,7.817,6.167,4.842,10.88,5.866,3.694,"TCGA_GM"
7.647,1.834,0,8.56,11.72,7.281,6.855,5.905,11.86,6.173,0.7148,"TCGA_GM"
7.636,5.471,0,8.909,11.24,7.246,8.224,6.957,10.8,6.63,0.9581,"TCGA_GM"
7.595,1.891,0,8.603,11.5,8.792,6.074,3.451,10.44,6.264,1.235,"TCGA_GM"
7.572,2.534,0,8.785,10.86,8.124,7.711,5.87,10.92,5.984,1.764,"TCGA_GM"
7.341,4.057,2.046,8.778,12.05,8.691,6.35,5.944,10.44,8.159,4.659,"TCGA_GM"
7.227,6.237,1.734,9.097,11.35,7.809,6.691,6.176,9.291,7.763,2.499,"TCGA_GM"
7.227,5.932,0,9.226,11.89,7.809,8.745,6.077,10.67,7.432,0,"TCGA_GM"
7.112,1.775,0,10.24,11.94,8.673,7.256,6.307,9.576,7.481,1.775,"TCGA_GM"
7.055,4.665,0,8.819,11.96,8.202,7.307,6.895,11.06,7.171,2.826,"TCGA_GM"
6.913,4.911,1.748,9.544,11.44,8.576,8.033,6.909,10.4,7.849,4.13,"TCGA_GM"
6.891,5.139,0,8.394,11.22,8.197,7.44,5.548,10.52,6.736,2.892,"TCGA_GM"
6.819,3.776,0.843,9.424,11.49,8.892,8.069,7.027,10.23,6.271,1.372,"TCGA_GM"
6.782,7.607,0.8089,8.913,12.23,8.314,6.037,4.607,10.12,6.426,0.8089,"TCGA_GM"
6.752,4.491,0.7411,8.707,11.8,9.095,6.226,4.905,8.294,5.72,3.378,"TCGA_GM"
6.597,3.132,0,8.771,12.23,8.945,6.789,6.226,10.51,5.407,2.983,"TCGA_GM"
6.584,3.554,0,9.361,11.69,8.781,6.597,6.281,11.28,9.335,3.554,"TCGA_GM"
6.413,1.381,0,8.885,11.8,8.616,7.7,5.515,10.73,6.543,1.381,"TCGA_GM"
6.365,1.368,0,9.57,11.7,9.336,7.533,5.265,8.905,7.356,3.155,"TCGA_GM"
6.303,1.481,0,8.847,11.89,7.42,7.486,6.158,10.48,6.236,1.883,"TCGA_GM"
6.246,6.03,0,8.986,11.91,7.841,6.819,4.357,11.62,5.821,2.842,"TCGA_GM"
6.24,4.158,1.14,9.773,11.73,9.33,8.014,5.164,7.614,6.674,1.14,"TCGA_GM"
6.185,4.488,0.8675,8.45,11.81,7.728,6.923,5.73,9.357,5.455,2.925,"TCGA_GM"
6.11,4.7,0.8967,8.514,11.62,8.348,7.082,4.655,8.871,5.696,3.503,"TCGA_GM"
6.007,0.9296,0,10.64,11.98,8.291,6.965,6.65,9.899,6.612,2.466,"TCGA_GM"
5.971,3.057,0,8.679,11.43,8.796,4.454,3.14,8.849,6.474,2.049,"TCGA_GM"
5.964,7.839,0.7505,8.763,11.75,8.238,5.916,4.973,9.454,6.099,1.242,"TCGA_GM"
5.747,4.496,1.136,8.96,12.14,8.073,7.013,6.221,11.51,8.086,1.136,"TCGA_GM"
5.744,7.65,0.7436,8.123,11.83,7.822,7.121,5.621,8.443,5.65,1.232,"TCGA_GM"
5.706,3.706,0,8.87,11.77,8.436,6.664,5.397,10.48,8.14,2.812,"TCGA_GM"
5.564,4.318,0,8.382,11.61,7.71,7.491,6.708,11.16,6.968,4.715,"TCGA_GM"
5.473,1.335,0,8.435,11.94,9.348,6.353,4.43,10.65,6.577,2.478,"TCGA_GM"
5.433,6.077,0,9.357,12.17,9.132,6.327,6.852,10.06,5.632,3.645,"TCGA_GM"
5.419,7.132,0.9964,8.665,11.19,8.143,8.505,6.351,10.27,6.532,1.58,"TCGA_GM"
5.058,5.892,0,8.355,11.76,8.704,4.965,4.194,10.42,6.788,2.046,"TCGA_GM"
4.982,0,0,8.495,10.89,9.005,5.628,3.865,8.344,4.42,1.828,"TCGA_GM"
4.856,3.685,5.29,9.565,11.25,8.668,5.914,3.666,12.82,10.41,2.605,"TCGA_GM"
4.774,2.213,0,8.414,11.89,8.503,7.874,7.134,11.33,6.204,0.9329,"TCGA_GM"
4.69,2.225,0.9404,9.319,11.89,8.196,5.553,4.175,8.856,5.787,2.225,"TCGA_GM"
4.585,3.518,0.7629,8.956,11.87,8.8,7.257,5.866,10.03,5.754,3.115,"TCGA_GM"
4.451,1.579,0.9954,9.12,10.81,7.805,4.692,4.906,9.804,4.451,0.9954,"TCGA_GM"
4.437,4.903,0,8.969,10.9,9.344,4.689,4.63,12.11,8.857,4.437,"TCGA_GM"
4.3,4.062,0,8.409,11.76,8.098,6.171,4.508,8.799,6.013,3.084,"TCGA_GM"
4.057,1.625,0,10.36,12.21,8.528,6.519,3.64,9.534,7.279,1.031,"TCGA_GM"
3.666,6.657,0,8.331,11.26,7.506,5.759,5.002,10.38,4.67,1.645,"TCGA_GM"
1.637,4.042,0,9.268,12.25,9.42,5.671,7.619,9,5.205,3.127,"TCGA_GM"
7,0,2.224,9.129,12.82,9.049,3.182,8.323,9.433,3.753,0,"GTEX_Brain"
6.473,0,1.345,9.752,12.62,8.984,4.166,6.386,9.681,5.247,2.491,"GTEX_Brain"
6.404,5.352,6.261,10.87,13.42,9.921,7.587,7.525,10.39,7.093,4.639,"GTEX_Brain"
6.332,0,0,9.44,12.68,9.061,3.089,6.193,8.804,5.376,2.001,"GTEX_Brain"
6.269,0,0,9.199,12.65,8.556,2.603,6.481,9.812,5.19,2.132,"GTEX_Brain"
6.125,0,0,9.495,12.46,9.009,3.2,6.447,9.505,5.446,2.564,"GTEX_Brain"
6.081,2.299,0,9.36,12.55,9.062,3.674,7.438,9.386,5.464,1.854,"GTEX_Brain"
6.071,0,0,9.042,12.64,8.932,4.555,7.293,8.722,5.775,1.807,"GTEX_Brain"
6.067,0,2.433,9.588,11.97,9.356,2.177,6.27,9.092,5.031,2.177,"GTEX_Brain"
5.95,0,0.9424,9.894,12.61,8.6,4.059,5.623,9.114,4.411,2.228,"GTEX_Brain"
5.942,0,0,8.988,12.37,8.753,3.243,7.081,9.529,4.849,1.143,"GTEX_Brain"
5.908,2.541,1.141,9.382,12.33,9.157,3.951,7.077,10.59,5.992,1.77,"GTEX_Brain"
5.896,3.29,0,10.19,11.79,8.975,5.288,6.089,9.096,4.774,0,"GTEX_Brain"
5.844,0,3.661,8.828,12.61,9.076,3.939,7.286,8.881,4.976,0,"GTEX_Brain"
5.689,0,0,9.699,11.81,8.956,3.312,6.494,10.03,6.943,0,"GTEX_Brain"
5.625,2.155,2.155,9.95,12.24,8.606,4.654,4.614,9.511,5.858,2.628,"GTEX_Brain"
5.616,0,2.461,9.892,11.84,9.144,3.525,5.645,9.814,6.278,0,"GTEX_Brain"
5.61,0,0,9.325,11.96,8.868,5.61,7.159,10.07,6.107,1.347,"GTEX_Brain"
5.548,0,0,9.125,12.03,8.667,3.974,7.456,9.618,6.252,2.562,"GTEX_Brain"
5.236,1.238,0,8.884,11.71,8.872,5.183,3.696,10.19,6.268,0,"GTEX_Brain"
5.229,0,2.111,9.249,12.11,8.868,2.111,7.317,9.447,5.925,2.933,"GTEX_Brain"
5.089,0,0,9.541,12.42,8.868,4.38,6.517,9.907,5.979,0,"GTEX_Brain"
4.961,0,0,8.979,12.02,9.383,3.016,7.509,9.972,6.398,2.185,"GTEX_Brain"
4.943,0,0,9.575,11.65,8.913,4.689,6.729,9.575,5.752,1.408,"GTEX_Brain"
4.882,1.237,0,9.237,12.17,8.857,5.126,7.341,9.36,5.891,1.237,"GTEX_Brain"
4.849,2.095,1.399,8.971,11.69,9.181,3.975,6.716,10.44,5.905,0,"GTEX_Brain"
4.847,0,1.216,9.343,12.25,8.315,4.287,6.051,9.558,4.912,0,"GTEX_Brain"
4.472,0,0,9.392,12.24,9.044,3.444,6.988,9.497,5.53,1.27,"GTEX_Brain"
3.479,1.429,0,9.241,11.7,9.221,3.862,7.084,10.4,6.556,1.429,"GTEX_Brain"
3.383,0,0,9.181,12.72,8.774,3.383,7.37,9.363,5.373,2.334,"GTEX_Brain"
3.335,0,0,10.23,11.37,8.398,4.821,4.103,9.357,7.194,3.335,"GTEX_Brain"
2.961,0,0,9.065,11.77,8.599,5.858,7.333,8.81,7.954,2.684,"GTEX_Brain"
7.539,0,0,9.163,12.22,8.489,4.197,5.911,8.909,5.157,0,"GTEX_Brain"
7.263,1.053,0,9.598,12.95,9.178,4.959,6.744,9.576,5.231,2.406,"GTEX_Brain"
6.768,1.517,1.517,9.309,12.41,8.917,4.425,5.726,9.926,3.606,2.24,"GTEX_Brain"
6.725,1.284,0,9.124,12.43,8.715,4.399,5.331,9.757,4.298,0,"GTEX_Brain"
6.675,0,3.474,9.305,12.85,8.852,4.079,5.848,9.487,4.755,1.29,"GTEX_Brain"
6.35,0,1.995,9.131,12.65,9.096,5.143,7.094,9.799,6.122,1.318,"GTEX_Brain"
6.269,0,0,9.06,11.78,9.139,4.081,6.421,10.27,6.093,0,"GTEX_Brain"
6.228,0,0,9.868,12.1,8.976,5.094,5.716,9.617,6.073,2.883,"GTEX_Brain"
6.159,0,0,8.681,12.33,9.085,4.009,6.807,9.986,6.159,0,"GTEX_Brain"
5.518,0,0,8.944,11.98,9.125,5.204,7.199,10.08,5.96,0,"GTEX_Brain"
5.505,0,1.884,9.505,11.86,9.193,3.382,5.9,9.502,6.573,0,"GTEX_Brain"
5.459,0,0,9.216,12.6,8.702,4.726,6.347,10.24,6.183,0,"GTEX_Brain"
5.265,0,0,8.851,11.36,9.466,4.952,5.913,10.82,6.349,2.247,"GTEX_Brain"
5.222,0,1.649,8.735,11.61,8.684,5.519,6.769,9.029,5.648,0,"GTEX_Brain"
4.574,0,1.882,8.875,11.92,9.285,5.367,7.16,9.908,6.76,2.671,"GTEX_Brain"
4.107,0,0,7.89,10.89,9.453,4.611,5.462,10.4,6.672,0,"GTEX_Brain"
3.986,0,0,9.391,11.46,9.036,4.94,6.868,10.35,6.825,0,"GTEX_Brain"
3.96,0,0,7.985,11.04,8.75,5.225,5.67,10.3,6.784,0,"GTEX_Brain"
3.922,13.21,1.47,9.915,11.38,8.009,9.244,7.584,8.882,7.259,2.183,"GTEX_Brain"
3.859,2.13,0,8.894,10.99,9.559,5.254,6.291,10.49,6.938,0,"GTEX_Brain"
3.564,2.205,0,11.58,11.81,9,5.832,5.557,9.346,5.92,2.205,"GTEX_Brain"
3.236,0,0,8.655,10.96,9.329,3.976,6.022,10.69,7.062,2.381,"GTEX_Brain"
1.045,0,0,10.6,11.29,8.688,5.841,4.196,10.1,6.687,2.658,"GTEX_Brain"
7.432,2.365,0,9.969,12.6,8.725,5.037,6.218,10.11,5.313,2.365,"GTEX_Brain"
7.126,1.115,1.736,9.36,12.82,8.985,4.114,6.9,10.24,5.425,1.736,"GTEX_Brain"
7.053,1.283,0,9.276,12.98,8.717,3.796,7.235,9.673,5.023,1.951,"GTEX_Brain"
7.019,0,1.021,9.998,12.65,8.597,5.041,5.862,9.829,5.501,2.032,"GTEX_Brain"
6.954,0,0,9.263,12.41,8.615,4.34,5.759,9.042,3.983,2.445,"GTEX_Brain"
6.947,0,0,9.156,12.82,9.294,2.856,6.219,8.681,5.117,1.806,"GTEX_Brain"
6.922,1.234,1.234,9.358,12.61,9.12,2.955,5.983,9.172,5.329,3.187,"GTEX_Brain"
6.653,0,1.004,9.814,12.79,8.649,4.178,6.858,10.16,4.33,0,"GTEX_Brain"
6.572,1.528,0,8.662,12.4,9.26,4.377,5.565,9.168,5.125,1.528,"GTEX_Brain"
6.425,0,0,9.587,12.53,9.091,5.622,5.795,9.223,4.2,0,"GTEX_Brain"
6.367,0,0,9.302,12.58,9.005,4.613,6.543,10.09,5.478,1.082,"GTEX_Brain"
6.307,0,0,9.43,12.78,8.834,4.337,6.8,10,5.249,0,"GTEX_Brain"
6.216,0,0,9.572,12.72,9.04,4.79,6.707,10.12,4.79,2.115,"GTEX_Brain"
6.191,8.756,1.065,9.669,12.21,9.121,7.43,7.321,9.407,5.252,0,"GTEX_Brain"
6.1,1.076,1.076,9.426,12.94,8.942,4.388,7.69,10.28,6.003,0,"GTEX_Brain"
6.098,1.075,2.111,9.288,12.92,8.949,4.386,6.456,9.251,4.999,2.111,"GTEX_Brain"
6.024,0.9683,0,9.432,12.58,9.013,4.845,7.204,9.514,5.745,1.543,"GTEX_Brain"
6.01,0,0,9.021,12.23,9.37,3.608,7.163,10.28,5.394,1.519,"GTEX_Brain"
5.911,0,0,10.23,12.52,8.862,5.008,6.282,9.123,4.017,0.8475,"GTEX_Brain"
5.765,0,0,9.188,11.56,9.414,3.381,6.256,10.28,5.959,1.362,"GTEX_Brain"
5.715,0,0,8.7,11.33,9.434,3.126,5.959,10.29,6.628,0,"GTEX_Brain"
5.56,0,1.263,9.288,12.54,8.683,3.232,6.05,9.817,5.516,0,"GTEX_Brain"
5.291,0,0,8.965,11.93,8.792,3.778,6.498,10.28,6.273,0,"GTEX_Brain"
5.134,0,1.351,10.02,11.91,8.926,4.505,5.266,8.392,5.369,0,"GTEX_Brain"
4.719,2.13,0,8.702,11.73,8.993,5.254,7.311,9.811,6.417,0,"GTEX_Brain"
4.339,0,0,8.314,11.37,8.439,0,5.484,9.607,6.284,3.408,"GTEX_Brain"
4.077,0,0,9.9,11.65,9.432,3.296,6.108,10.3,6.391,0,"GTEX_Brain"
2.966,0,0,9.23,11.39,9.259,4.731,6.695,10.28,6.247,0,"GTEX_Brain"
2.688,0,0,10.7,11.49,9.593,3.333,4.831,9.305,5.928,2.688,"GTEX_Brain"
2.019,2.019,0,9.274,11.18,9.381,4.752,4.525,10.46,6.383,2.829,"GTEX_Brain"
8.737,3.477,0,7.468,11.09,9.436,5.156,5.22,8.793,7.494,1.047,"TCGA_LGG"
8.146,1.302,0.7934,10.04,11.42,9.265,4.612,3.434,12.02,6.913,1.975,"TCGA_LGG"
8.106,5.072,1.189,8.867,10.86,7.167,9.846,9.191,10.27,7.897,2.887,"TCGA_LGG"
8.08,9.642,0,9.162,11.58,9.178,7.243,6.384,11.44,5.629,1.176,"TCGA_LGG"
7.953,2.304,0,9.854,11.83,8.432,5.552,3.795,11.96,7.296,1.57,"TCGA_LGG"
7.366,4.758,0.6257,8.73,12.31,8.522,6.657,5.383,10.41,5.987,1.893,"TCGA_LGG"
7.328,2.629,1.106,7.922,11.98,9.14,6.109,4.624,9.74,7.494,2.629,"TCGA_LGG"
7.281,1.452,0,8.736,11.39,8.558,6.121,3.749,9.714,6.526,0.9016,"TCGA_LGG"
7.187,2.215,1.357,8.202,11.77,8.543,5.999,5.139,9.29,5.825,1.029,"TCGA_LGG"
7.151,4.214,1.494,8.376,12.44,7.811,7.151,5.869,9.352,6.067,4.167,"TCGA_LGG"
7.067,3.497,1.246,10.01,11.39,8.032,8.319,6.786,10.67,7.201,2.536,"TCGA_LGG"
6.95,1.443,0,8.621,12.43,8.456,3.572,4.918,10.9,5.098,1.719,"TCGA_LGG"
6.887,7.857,3.556,9.06,11.84,9.153,6.468,4.152,9.494,6.73,2.296,"TCGA_LGG"
6.886,0.6963,0,9.693,12.8,8.705,4.944,6.126,9.714,5.347,1.517,"TCGA_LGG"
6.825,0.6731,0,9.656,11.83,8.378,6.476,3.96,9.578,5.023,0.6731,"TCGA_LGG"
6.759,3.341,0,9.126,11.3,8.621,5.396,5.094,10.55,6.254,4.02,"TCGA_LGG"
6.689,4.824,1.008,9.446,11.51,8.892,6.216,4.166,8.411,6.639,1.819,"TCGA_LGG"
6.653,5.773,0.8889,8.936,11.36,7.421,6.771,5.749,10.47,7.836,4.635,"TCGA_LGG"
6.541,4.353,1.172,8.505,11.45,8.375,7.499,6.191,10.85,8.22,3.759,"TCGA_LGG"
6.503,0.8374,0,8.881,10.99,9.483,6.118,4.92,8.809,7.874,2.303,"TCGA_LGG"
6.494,0,0.7961,9.587,12.73,8.759,4.702,5.075,9.749,5.184,1.98,"TCGA_LGG"
6.294,1.476,0,9.451,11.73,7.734,5.159,2.52,11.91,7.191,1.876,"TCGA_LGG"
6.271,1.479,0.674,9.316,11.32,8.868,4.887,2.227,8.518,6.106,0.674,"TCGA_LGG"
6.207,1.911,0,8.567,11.46,8.297,6.584,4.706,10.34,8.451,2.282,"TCGA_LGG"
6.207,0.568,0,9.191,11.44,8.623,6.037,2.769,8.197,6.188,2.763,"TCGA_LGG"
6.111,0,0,9.76,12.69,9.071,4.701,4.738,8.633,5.316,0,"TCGA_LGG"
6.025,3.562,0.7828,11.02,11.76,8.733,7.412,5.017,9.788,7.258,2.595,"TCGA_LGG"
5.995,4.727,0,10.46,11.95,8.158,7.236,6.607,8.729,6.354,0.6973,"TCGA_LGG"
5.854,9.853,3.571,9.331,11.56,8.571,7.805,6.116,10.25,6.248,3.711,"TCGA_LGG"
5.795,0.8788,1.421,9.619,11.28,9.36,5.584,2.361,10.65,7.455,1.814,"TCGA_LGG"
5.73,6.502,0,7.844,11.49,8.392,6.942,5.434,8.609,6.513,2.309,"TCGA_LGG"
5.717,3.376,1.358,8.676,11.72,9.175,5.297,3.908,9.254,6.39,1.358,"TCGA_LGG"
5.684,8.458,4.411,9.439,11.54,8.379,8.682,7.017,10.33,7.314,4.63,"TCGA_LGG"
5.67,4.715,1.487,8.342,11.45,9.198,7.517,6.554,8.612,6.603,0.6792,"TCGA_LGG"
5.663,0,0,9.561,12.28,8.741,4.757,4.962,9.834,5.972,2.212,"TCGA_LGG"
5.654,2.34,1.112,8.579,11.77,8.955,4.698,4.768,9.338,4.698,1.732,"TCGA_LGG"
5.649,2.288,0,10.05,11.36,9.086,6.812,4.906,8.5,6.877,0.72,"TCGA_LGG"
5.63,3.319,1.484,8.148,11.69,9.008,7.429,4.536,9.013,7.351,3.135,"TCGA_LGG"
5.621,0,0.9886,9.515,12.3,9.021,4.65,5.454,9.535,5.404,1.308,"TCGA_LGG"
5.596,0,0,9.274,11.68,9.949,4.358,2.043,6.934,5.735,2.165,"TCGA_LGG"
5.591,1.186,0,8.477,11.75,8.69,6.423,3.891,7.986,6.017,2.066,"TCGA_LGG"
5.547,0.6462,0,9.628,11.85,8.807,5.439,2.832,8.768,6.487,1.43,"TCGA_LGG"
5.543,4.307,0,8.779,11.12,9.069,6.991,6.08,6.881,6.396,3.178,"TCGA_LGG"
5.535,1.006,0,9.563,12.06,8.803,4.503,3.907,10.25,5.989,0.5889,"TCGA_LGG"
5.535,0,0.6417,10.26,12.26,8.963,4.649,4.582,10.62,6.475,2.299,"TCGA_LGG"
5.53,4.656,2.547,8.965,11.16,9.013,7.669,6.297,9.049,6.589,1.386,"TCGA_LGG"
5.503,0,0.663,9.111,11.12,9.362,5.726,1.667,9.538,6.942,1.97,"TCGA_LGG"
5.488,0,0.6575,9.932,12.39,8.8,4.367,4.727,9.239,5.224,0.6575,"TCGA_LGG"
5.417,0,0,8.53,11.23,8.452,5.887,1.848,10.37,6.366,0,"TCGA_LGG"
5.366,3.083,0,8.358,11.79,8.261,6.338,3.584,9.227,5.736,1.954,"TCGA_LGG"
5.36,1.767,0.849,10.42,12.51,8.76,5.794,4.065,10.86,6.37,1.38,"TCGA_LGG"
5.332,0,0.9206,8.411,11.86,8.032,5.839,4.86,10.78,7.186,0.9206,"TCGA_LGG"
5.258,0,0,7.771,11.1,9.388,3.843,3.316,11.08,5.435,1.079,"TCGA_LGG"
5.244,4.555,0.9261,9.238,11.21,8.779,7.57,6.061,10.37,7.049,1.485,"TCGA_LGG"
5.234,0.6217,0,9.588,12.01,8.755,4.529,4.263,10.54,5.39,2.254,"TCGA_LGG"
5.227,5.256,2.239,8.836,11.46,8.767,6.577,7.425,11.63,7.1,0.8024,"TCGA_LGG"
5.226,4.264,0,8.925,11.25,8.737,6.188,4.597,10.71,5.189,0,"TCGA_LGG"
5.222,7.74,0,8.764,11.15,9.043,6.899,5.753,10.67,6.376,2.768,"TCGA_LGG"
5.193,2.827,1.6,8.523,11.85,8.57,7.942,7.581,10.09,7.474,3.606,"TCGA_LGG"
5.164,2.341,0,8.9,11.19,9.152,6.562,4.167,8.064,6.442,1.733,"TCGA_LGG"
5.153,3.738,1.16,9.977,12,7.178,4.375,1.512,8.896,6.218,0.6936,"TCGA_LGG"
5.153,2.112,0,8.815,11.48,9.093,5.423,4.439,7.933,5.812,2.112,"TCGA_LGG"
5.141,5.999,0,9.141,11.41,8.718,7.536,7.324,10.44,7.123,2.042,"TCGA_LGG"
5.106,0,0.9879,8.507,11.19,9.045,5.298,5.008,8.638,6.368,1.982,"TCGA_LGG"
5.081,0,0,9.16,11.93,8.546,6.588,5.464,9.79,6.224,1.227,"TCGA_LGG"
5.065,1.349,0.8265,9.007,11.29,9.427,3.362,3.556,9.387,5.825,2.033,"TCGA_LGG"
5.055,0,0,7.884,11.51,9.411,3.738,3.435,11.07,5.35,1.612,"TCGA_LGG"
4.918,2.471,0,8.645,11.46,8.64,6.229,3.604,10.63,7.188,1.847,"TCGA_LGG"
4.865,0,0,9.235,12.54,8.977,5.402,5.747,9.794,5.61,0,"TCGA_LGG"
4.841,1.42,0,7.901,10.61,8.72,4.841,1.861,8.534,6.937,0.8784,"TCGA_LGG"
4.841,0,0,9.312,12.23,8.426,4.953,4.732,8.666,6.084,0,"TCGA_LGG"
4.798,1.907,0,8.233,12.43,8.401,5.329,5.038,9.854,6.563,0.7551,"TCGA_LGG"
4.789,8.754,1.538,8.965,12.08,9.269,6.339,7.439,10.57,6.88,2.454,"TCGA_LGG"
4.753,1.143,0.6816,10.39,11.97,8.879,3.569,3.326,9.983,5.475,0,"TCGA_LGG"
4.753,0,0.8188,8.932,11.19,8.757,4.833,3.826,8.546,6.461,2.269,"TCGA_LGG"
4.742,0,0,9.042,10.77,9.788,6.054,4.359,9.393,7.519,2.372,"TCGA_LGG"
4.731,0,0,9.707,12.08,8.982,4.202,4.585,9.348,6.131,2.092,"TCGA_LGG"
4.728,4.515,0,9.194,11.32,8.207,6.544,4.666,10.34,6.985,1.778,"TCGA_LGG"
4.723,2.35,0,9.923,12.32,7.78,6.905,5.729,10.74,7.948,3.543,"TCGA_LGG"
4.689,0,0,8.243,11.44,8.06,4.486,0,9.473,4.78,2.73,"TCGA_LGG"
4.687,0.7392,1.226,8.258,11.41,8.347,6.381,2.662,9.554,5.734,0,"TCGA_LGG"
4.684,1.224,0.7379,9.638,11.71,9.212,4.757,3.54,8.654,5.617,1.224,"TCGA_LGG"
4.67,1.924,1.924,9.22,13.09,9.164,5.223,6.446,9.396,6.148,0.7647,"TCGA_LGG"
4.647,0.8716,0,10.17,11.4,8.611,6.177,2.348,9.903,7.027,0,"TCGA_LGG"
4.627,2.021,0,8.878,11.43,9.077,3.807,4.11,8.086,5.322,0.8193,"TCGA_LGG"
4.595,0,0,7.735,11.55,9.025,5.135,4.088,9.204,5.739,0,"TCGA_LGG"
4.59,0,1.958,8.583,11.21,8.991,4.59,0,7.97,6.043,1.289,"TCGA_LGG"
4.587,1.087,0.6432,9.672,12.26,8.882,4.716,4.312,10.08,5.522,1.087,"TCGA_LGG"
4.581,0.8406,2.309,8.723,11.94,8.463,4.628,5.138,9.495,5.645,2.058,"TCGA_LGG"
4.562,7.782,2.419,9.461,11.24,8.645,6.866,5.513,10.05,7.243,1.852,"TCGA_LGG"
4.549,0.6833,0,8.253,11.4,8.938,5.151,1.145,8.729,6.522,1.775,"TCGA_LGG"
4.546,1.924,0,9.189,12.26,8.195,5.701,4.3,10.16,6.499,0.7645,"TCGA_LGG"
4.529,1.169,1.169,9.079,11.17,8.947,4.722,1.202,8.389,6.314,2.254,"TCGA_LGG"
4.514,6.179,1.496,10.46,11.95,7.53,5.375,4.922,9.176,4.935,0.9337,"TCGA_LGG"
4.512,0,0,9.175,11.77,8.825,2.625,3.603,7.152,4.65,1.721,"TCGA_LGG"
4.489,0,0,11.4,11.89,9.031,4.403,8.463,12.15,5.88,2.088,"TCGA_LGG"
4.471,6.344,1.08,8.902,12.05,8.771,6.176,5.648,7.647,7.086,3.388,"TCGA_LGG"
4.466,0,0,7.893,11.83,9.16,4.549,4.266,9.504,5.518,1.863,"TCGA_LGG"
4.456,0,0,7.552,11.12,7.869,4.64,3.37,10.83,7.246,0,"TCGA_LGG"
4.439,0.6409,0,9.785,11.84,9.335,4.058,4.101,8.865,4.24,1.695,"TCGA_LGG"
4.425,0.6354,0,8.86,12.46,8.454,4.461,4.936,10.03,5.802,1.684,"TCGA_LGG"
4.417,0,0.7103,8.888,12.08,8.961,4.919,4.187,8.828,6.175,1.54,"TCGA_LGG"
4.393,2.464,0,9.351,11.94,9.21,6.208,5.243,9.288,6.472,2.285,"TCGA_LGG"
4.377,1.137,0,8.658,11.87,8.364,5.342,2.868,9.871,6.572,1.137,"TCGA_LGG"
4.366,0,0.6007,8.939,11.65,9.207,4.33,5.222,10.68,6.246,1.616,"TCGA_LGG"
4.342,5.477,2.039,9.254,11.6,8.79,7.648,7.206,9.775,7.113,1.519,"TCGA_LGG"
4.328,3.724,0,7.947,11.97,8.869,5.205,5.348,9.745,6.17,1.337,"TCGA_LGG"
4.325,0,0,8.618,11.74,8.198,5.345,4.878,11.38,7.621,0.8425,"TCGA_LGG"
4.31,0,0.7863,9.33,11.75,9.136,3.655,4.143,9.301,4.639,2.602,"TCGA_LGG"
4.305,1.786,0,8.25,12.21,8.543,5.173,4.069,10.81,6.015,1.396,"TCGA_LGG"
4.301,0,0,9.257,11.74,8.719,5.802,4.642,10.08,6.653,1.225,"TCGA_LGG"
4.284,1.611,0,8.952,11.13,8.964,5.853,3.369,10.11,7.462,1.902,"TCGA_LGG"
4.276,2.264,0,9.166,11.89,7.666,8.847,6.01,8.024,5.95,1.181,"TCGA_LGG"
4.259,5.669,1.558,9.443,11.32,9.121,5.858,3.989,9.226,6.821,1.845,"TCGA_LGG"
4.249,0.7596,0,9.189,12.27,9.616,6.062,3.624,7.317,4.773,4.14,"TCGA_LGG"
4.217,2.875,0.7687,9.527,11.69,8.087,4.794,5,10.12,6.531,0,"TCGA_LGG"
4.215,1.776,1.145,8.882,11.18,8.699,5.223,0.6835,10.95,6.541,1.145,"TCGA_LGG"
4.214,0.6156,0,10.58,12.17,8.833,5.217,3.864,10.59,5.761,2.394,"TCGA_LGG"
4.205,0,0,9.352,11.55,9.449,4.455,2.752,8.931,5.864,0,"TCGA_LGG"
4.18,2.517,0,8.771,11.69,7.443,6.131,3.928,8.755,6.292,1.125,"TCGA_LGG"
4.177,5.497,1.649,9.019,11.4,7.9,6.216,4.67,8.46,5.944,1.278,"TCGA_LGG"
4.177,2.399,0.8912,9.052,11.17,9.258,5.422,3.611,9.79,6.08,1.834,"TCGA_LGG"
4.168,2.181,0,9.786,11.57,8.399,6.771,4.106,10.48,7.19,0.7716,"TCGA_LGG"
4.165,0,0,8.902,11.31,9.127,6.674,1.489,8.198,6.217,0.5977,"TCGA_LGG"
4.154,0,0.8188,8.249,11.76,8.624,4.794,3.202,9.733,6.092,2.02,"TCGA_LGG"
4.152,2.297,0.6409,7.331,11.92,8.235,5.567,2.526,9.08,5.953,0.6409,"TCGA_LGG"
4.13,0,0,9.499,11.74,8.28,5.721,3.359,9.004,6.276,0.6326,"TCGA_LGG"
4.124,2.046,0,9.567,11.2,9.621,4.566,2.201,9.646,5.88,1.743,"TCGA_LGG"
4.117,0,0,7.807,11.38,9.504,4.345,3.549,9.472,4.573,2.896,"TCGA_LGG"
4.1,3.747,0,8.237,11.8,8.719,6.364,3.247,10.02,6.667,0,"TCGA_LGG"
4.084,2.908,1.126,9.536,11.3,8.47,5.365,3.36,7.474,5.952,1.472,"TCGA_LGG"
4.07,0,0,8.772,11.56,9.012,4.365,4.561,10.55,5.547,3.637,"TCGA_LGG"
4.052,1.201,0,8.556,11.15,8.87,5.597,3.27,10.82,6.502,0.7219,"TCGA_LGG"
4.047,2.347,0,9.684,11.69,8.568,5.443,4.05,11.61,8.094,4.578,"TCGA_LGG"
4.039,1.1,0.6525,8.118,11.98,8.609,4.47,3.606,10.93,5.07,2.323,"TCGA_LGG"
4.036,0,0,8.409,11.21,9.529,4.863,3.494,9.015,6.679,1.895,"TCGA_LGG"
4.023,2.606,0.71,8.596,10.72,7.792,7.251,6.093,9.337,7.68,2.446,"TCGA_LGG"
4.013,0,0,9.484,11.15,8.205,4.729,1.156,9.77,6.497,1.762,"TCGA_LGG"
4.003,0,0,8.847,11.44,8.599,4.056,1.835,9.703,6.9,0,"TCGA_LGG"
3.99,4.238,0.6741,8.103,11.91,8.391,7.012,6.159,10.06,7.4,2.37,"TCGA_LGG"
3.988,0.597,1.344,8.085,11.32,9.498,4.678,4.177,10.6,5.244,1.833,"TCGA_LGG"
3.983,0,0,8.505,11.59,8.846,5.119,3.996,9.095,6.423,1.404,"TCGA_LGG"
3.981,1.268,0,8.196,11.98,8.997,4.641,3.221,8.857,6.009,2.568,"TCGA_LGG"
3.98,5.854,0.6495,8.34,11.71,8.317,6.849,6.315,10.13,7.442,2.141,"TCGA_LGG"
3.977,0,0.7672,8.389,11.88,9.556,3.527,3.174,10.99,4.676,3.236,"TCGA_LGG"
3.975,2.311,0,8.681,11.6,8.318,6.131,5.165,10.88,5.746,1.938,"TCGA_LGG"
3.933,0,0,9.682,11.36,8.946,5.003,3.306,9.842,5.56,1.422,"TCGA_LGG"
3.915,0,0,8.748,11.57,9.659,5.269,1.018,9.687,6.715,1.743,"TCGA_LGG"
3.89,0,0,8.8,11.2,8.976,4.879,1.343,10.43,6.365,2.488,"TCGA_LGG"
3.865,0.6256,1.061,9.722,12,8.964,5.245,4.129,9.488,5.789,0,"TCGA_LGG"
3.865,0,0,8.126,11.53,8.548,4.996,2.432,7.639,6.041,2.006,"TCGA_LGG"
3.862,0,0,8.267,11.9,9.245,3.326,3.717,10.81,5.123,2.463,"TCGA_LGG"
3.855,0,0,8.878,11.39,8.638,5.625,2.26,7.754,5.214,1.504,"TCGA_LGG"
3.836,0.6812,0.6812,8.846,11.53,8.183,4.72,2.613,10.69,5.939,0.6812,"TCGA_LGG"
3.834,0,0.7339,8.724,11.91,9.18,5.008,4.401,9.388,6.208,0.7339,"TCGA_LGG"
3.826,0,0,9.224,11.55,8.885,4.811,4.081,8.529,6.123,1.624,"TCGA_LGG"
3.823,1.403,0,8.938,11.76,9.189,4.682,4.524,10.66,5.011,2.274,"TCGA_LGG"
3.822,0,0,8.514,11.46,8.662,5.728,0.8388,10.46,6.849,1.1,"TCGA_LGG"
3.782,3.201,2.215,8.454,11.7,9.048,4.728,3.933,9.506,4.999,0.9343,"TCGA_LGG"
3.765,3.272,1.749,9.621,11.41,8.568,6.213,3.227,9.393,7.587,0,"TCGA_LGG"
3.747,0,0,6.298,11.68,9.302,2.241,3.46,9.661,3.992,1.165,"TCGA_LGG"
3.744,1.886,0,8.494,11.87,8.051,6.287,3.539,11.15,5.193,1.055,"TCGA_LGG"
3.739,0,0.7539,8.983,10.93,8.135,4.759,2.571,8.954,7.104,1.905,"TCGA_LGG"
3.724,1.502,1.152,9.71,11.21,8.621,5.034,2.728,9.065,5.742,1.502,"TCGA_LGG"
3.704,0,0,7.822,11.36,8.002,5.657,3.073,10.56,6.49,0.7385,"TCGA_LGG"
3.693,3.693,1.528,9.296,11.4,9.324,6.024,4.706,10.2,5.588,2.253,"TCGA_LGG"
3.685,0,2.309,9.964,11.6,9.216,6.058,4.439,9.884,5.988,0,"TCGA_LGG"
3.668,0.7559,0,8.646,11.21,9.533,6.565,3.326,9.206,6.832,2.848,"TCGA_LGG"
3.651,3.076,0.8685,9.138,11.25,8.358,7.057,4.195,9.104,7.656,1.407,"TCGA_LGG"
3.649,6.701,1.405,9.129,11.35,8.265,7.315,5.925,10.25,5.482,1.796,"TCGA_LGG"
3.643,3.839,1.144,9.78,11.62,8.539,6.178,3.648,10.91,7.295,1.774,"TCGA_LGG"
3.625,0,0,8.507,11.19,9.413,5.419,0,10.95,5.758,2.195,"TCGA_LGG"
3.617,1.933,1.428,8.957,11.33,9.344,4.487,4.163,9.892,5.739,1.933,"TCGA_LGG"
3.598,0,1.078,8.655,11.47,8.843,5.276,0.6372,8.535,5.792,1.078,"TCGA_LGG"
3.587,4.327,0.5096,8.569,11.53,8.223,5.863,3.533,9.734,7.414,2.267,"TCGA_LGG"
3.574,6.188,2.617,8.201,11.25,8.73,6.791,3.808,8.843,6.687,1.549,"TCGA_LGG"
3.571,2.121,0,9.474,11.24,8.84,4.399,1.978,7.779,5.45,2.375,"TCGA_LGG"
3.548,0,0.7385,9.715,10.99,9.183,2.325,2.28,10.14,6.098,0.7385,"TCGA_LGG"
3.539,1.938,0,7.634,11.56,9.373,4.381,3.641,8.215,6.194,0,"TCGA_LGG"
3.522,0,0,8.199,11.52,9.363,3.425,4.164,10.24,3.998,1.699,"TCGA_LGG"
3.52,0,0,9.094,11.42,9.004,5.019,3.681,9.294,5.759,0.8524,"TCGA_LGG"
3.519,0.8522,0,8.833,10.82,7.951,6.511,3.231,8.82,8.35,0,"TCGA_LGG"
3.51,0.7223,0,9.634,11.32,9.227,4.529,2.506,9.5,5.225,0.7223,"TCGA_LGG"
3.496,1.192,0,8.071,10.98,9.162,5.814,2.685,9.034,7.664,0.716,"TCGA_LGG"
3.492,0,0,8.623,11.53,9.088,4.663,3.364,9.925,6.01,0.7142,"TCGA_LGG"
3.477,1.598,0,8.941,11.53,8.322,5.511,5.023,10.95,6.484,5.532,"TCGA_LGG"
3.466,0,0.826,10.3,11.3,9.074,5.882,2.932,9.24,6.719,2.68,"TCGA_LGG"
3.456,0,0,9.807,11.38,8.29,6.07,1.492,8.559,6.164,0,"TCGA_LGG"
3.45,0,0,9.017,11.53,7.32,5.713,1.316,9.602,6.004,0,"TCGA_LGG"
3.445,2.016,0.8164,9.272,11.28,7.982,7.116,2.694,8.618,7.447,0,"TCGA_LGG"
3.424,0.8568,0,8.166,10.99,8.974,4.708,1.164,8.357,6.809,1.391,"TCGA_LGG"
3.42,0,0,9.731,11.36,9.117,5.315,0.9593,9.425,7.544,2.082,"TCGA_LGG"
3.418,4.065,1.775,8.753,11.77,9.244,6.781,4.525,9.347,6.402,1.494,"TCGA_LGG"
3.415,3.635,0.9099,9.645,11.11,8.88,6.955,4.354,9.554,7.216,1.464,"TCGA_LGG"
3.412,1.094,0.6485,9.045,11.78,9.33,5.307,5.069,10.4,6.35,1.709,"TCGA_LGG"
3.412,0,0.6188,8.197,11.12,8.264,5.489,2.371,8.428,6.813,1.652,"TCGA_LGG"
3.411,0,0.7157,9.975,11.7,9.217,4.092,3.242,9.755,5.657,1.192,"TCGA_LGG"
3.379,0,1.438,9.194,11.57,8.924,4.369,3.533,9.795,5.685,1.834,"TCGA_LGG"
3.378,0.8344,0,8.487,10.83,8.898,4.125,1.737,7.808,5.676,1.36,"TCGA_LGG"
3.349,0,0,9.092,11.44,8.609,4.565,3.042,8.808,5.011,0.6893,"TCGA_LGG"
3.29,5.896,0,9.427,11.82,8.204,6.726,6.23,9.343,5.882,3.454,"TCGA_LGG"
3.27,0.7354,0,10.3,11.66,8.667,6.406,4.754,11.04,7.351,3.903,"TCGA_LGG"
3.266,1.745,1.36,9.597,11.65,8.479,4.568,2.642,7.672,5.241,0,"TCGA_LGG"
3.263,1.742,0,7.999,10.84,9.232,5.534,3.678,8.13,7.68,0.8332,"TCGA_LGG"
3.24,4.757,1.638,9.609,11.4,9.235,6.801,6.212,8.641,6.564,0.7687,"TCGA_LGG"
3.238,0.8212,0,9.223,10.86,8.739,5.668,1.563,8.765,7.333,1.341,"TCGA_LGG"
3.219,0,0.7592,8.543,11.11,9.27,4.808,0,8.697,4.843,0,"TCGA_LGG"
3.205,0,0,8.854,11.34,9.462,5.495,4.669,10.54,5.736,0.8052,"TCGA_LGG"
3.202,1.901,0.9348,7.706,14.25,9.069,4.778,3.509,12.98,4.396,2.694,"TCGA_LGG"
3.191,0,2.443,8.433,11.44,9.204,4.863,4.033,9.162,4.863,1.686,"TCGA_LGG"
3.189,2.624,0,8.091,11.27,8.834,6.107,3.329,8.285,7.187,0.7975,"TCGA_LGG"
3.165,0,0,9.842,11.41,8.782,5.352,0,9.708,7.319,0.8457,"TCGA_LGG"
3.147,0,0,9.016,11.48,9.744,4.337,3.748,9.84,6.587,2.641,"TCGA_LGG"
3.126,6.693,0.5688,7.659,11.8,8.908,4.508,3.27,11.14,4.625,2.42,"TCGA_LGG"
3.124,0,0,10.41,11.11,9.666,5.88,3.979,9.096,6.504,2.955,"TCGA_LGG"
3.107,0.5925,0,7.726,11.65,9.024,3.606,1.83,8.854,4.481,1.824,"TCGA_LGG"
3.106,2.365,0.7587,8.074,11.57,8.927,6.417,2.014,7.548,5.209,1.253,"TCGA_LGG"
3.099,0,0,9.959,11.1,9.292,4.012,2.109,10.06,5.698,1.615,"TCGA_LGG"
3.098,0,0,8.736,11.07,9.02,4.761,3.032,10.15,5.842,0,"TCGA_LGG"
3.075,0,0,9.237,11.53,8.692,5.456,4.029,10.25,6.612,0.868,"TCGA_LGG"
3.066,5.435,1.591,8.703,11.43,8.445,6.895,4.158,8.323,5.79,0,"TCGA_LGG"
3.042,0,0,8.93,11.34,8.903,5.88,2.746,8.088,5.78,0,"TCGA_LGG"
3.035,3.268,0.7819,9.238,11.37,9.317,4.896,4.357,10.11,5.488,2.201,"TCGA_LGG"
3.022,3.143,0.7759,8.134,11.4,9.621,6.146,1.649,8.921,7.053,1.649,"TCGA_LGG"
3.003,0,0,9.058,11.46,8.348,4.826,3.47,8.764,5.745,1.635,"TCGA_LGG"
2.956,5.121,0.8834,8.721,11.41,8.627,6.521,5.117,10.45,6.747,0.8834,"TCGA_LGG"
2.908,2.238,0,8.094,11.39,8.553,3.901,3.006,7.82,5.219,1.921,"TCGA_LGG"
2.9,0,1.121,10.66,11.8,8.941,4.544,1.744,10.65,6.656,1.744,"TCGA_LGG"
2.891,0.8501,0,8.985,11.36,9.159,5.444,2.526,9.143,6.674,2.074,"TCGA_LGG"
2.868,0.609,1.036,8.981,10.98,9.357,4.154,3.036,9.439,5.373,1.858,"TCGA_LGG"
2.836,2.487,0,8.645,11.21,8.32,5.381,4.595,10.36,6.611,1.342,"TCGA_LGG"
2.821,3.474,0,10.37,11.87,8.459,4.77,4.39,10.84,6.06,2.012,"TCGA_LGG"
2.811,5.213,0,10.99,11.96,8.59,7.384,6.198,10.32,7.337,2.93,"TCGA_LGG"
2.799,4.45,0,7.843,10.99,8.804,5.751,4.294,10.41,4.634,0,"TCGA_LGG"
2.797,2.161,3.847,9.627,11.38,9.274,4.159,3.553,10.45,5.054,2.45,"TCGA_LGG"
2.786,0,0,9.143,11.27,8.481,5.886,3.732,8.608,6.456,1.425,"TCGA_LGG"
2.774,0,0,9.388,11.19,9.286,5.864,2.234,8.672,6.837,2.171,"TCGA_LGG"
2.751,0,0,8.744,11.26,9.424,4.546,2.506,9.797,5.936,2.751,"TCGA_LGG"
2.747,0,0,10.24,11.59,8.751,5.477,3.22,8.629,7.324,2.192,"TCGA_LGG"
2.737,2.256,0,8.754,10.86,7.434,5.241,1.531,9.34,6.378,1.939,"TCGA_LGG"
2.717,1.259,0,7.442,11.08,8.891,6.04,2.864,9.359,6.185,0,"TCGA_LGG"
2.715,3.424,0,10.52,11.43,8.599,6.738,3.788,9.364,7.545,2.715,"TCGA_LGG"
2.7,0.8361,0.8361,8.211,11.47,8.974,7.517,3.333,9.342,6.341,2.3,"TCGA_LGG"
2.681,0.8265,0,9.675,11.75,8.405,6.234,4.016,8.723,6.478,2.033,"TCGA_LGG"
2.665,4.44,1.587,8.085,11.47,8.66,4.758,1.877,11.2,5.869,0.7381,"TCGA_LGG"
2.587,0,0,10.21,11.43,8.403,6.14,0.9179,8.506,7.294,0.7016,"TCGA_LGG"
2.552,1.391,0,8.433,11.54,9.259,5.229,5.864,10.07,7.2,1.391,"TCGA_LGG"
2.54,1.14,0,8.767,11.41,9.525,6.183,1.489,9.216,4.812,0.6799,"TCGA_LGG"
2.532,7.055,1.952,7.972,11.32,8.598,9.22,6.536,9.221,8.26,0.5638,"TCGA_LGG"
2.479,1.336,0.8177,8.502,11.12,8.824,6.495,3.639,9.918,6.978,0,"TCGA_LGG"
2.423,1.898,0.6281,8.898,11.67,8.443,5.444,1.64,8.44,5.838,1.399,"TCGA_LGG"
2.419,0,0,9.044,11.41,9.277,3.478,3.972,10.53,3.954,3.277,"TCGA_LGG"
2.408,0,0,8.522,11.69,8.394,3.799,4.074,8.632,4.594,1.387,"TCGA_LGG"
2.385,2.385,0,9.196,11.01,8.728,4.291,0,8.141,6.473,1.821,"TCGA_LGG"
2.383,4.201,0.6106,9.417,11.36,10,5.004,4.376,10.41,5.096,2.872,"TCGA_LGG"
2.374,0,0.7633,10.08,11.37,8.825,4.454,1.028,9.81,6.654,1.629,"TCGA_LGG"
2.368,1.13,0.673,8.065,11.09,8.658,4.855,1.279,8.036,5.889,1.99,"TCGA_LGG"
2.331,0.8532,0,8.567,11.06,9.162,4.7,2.068,9.319,7.143,1.386,"TCGA_LGG"
2.328,0,0,8.969,11.27,9.129,5.582,3.108,8.282,6.656,0,"TCGA_LGG"
2.32,0,0,8.017,11.2,8.568,5.238,2.5,9.865,6.868,2.32,"TCGA_LGG"
2.202,3.804,1.287,9.748,11.42,8.685,4.193,0,11.23,6.26,1.287,"TCGA_LGG"
2.198,3.662,0.9236,9.411,11.02,8.967,4.977,2.54,10.37,6.321,1.482,"TCGA_LGG"
2.197,0.5968,0,9.739,11.6,8.547,5.374,4.571,11.1,5.32,1.609,"TCGA_LGG"
2.191,0.6728,0,8.259,11.99,8.905,3.393,3.58,10.41,5.392,1.476,"TCGA_LGG"
2.112,2.769,0.8727,8.177,11.03,9.149,5.782,4.009,10.78,6.212,2.366,"TCGA_LGG"
2.028,3.666,0,7.686,10.91,8.603,7.909,6.112,9.291,7.83,1.791,"TCGA_LGG"
2.023,2.833,0,7.405,11.19,8.706,3.349,4.124,11.07,5.018,2.833,"TCGA_LGG"
2.006,0,0.5877,7.712,11.14,8.801,3.914,2.423,8.434,4.255,1.813,"TCGA_LGG"
1.999,1.7,0.8069,6.909,11.74,9.81,3.7,3.2,8.701,5.7,3.857,"TCGA_LGG"
1.983,4.045,2.788,8.758,11.29,8.927,6.785,5.461,10.64,6.281,2.23,"TCGA_LGG"
1.979,0,0,9.392,11.48,10,3.918,2.567,6.012,4.078,1.126,"TCGA_LGG"
1.971,0,0,8.648,11.33,9.499,5.017,4.808,8.552,4.562,0.7907,"TCGA_LGG"
1.936,0.6463,0,8.778,10.26,8.049,5.004,0,8.218,4.925,1.705,"TCGA_LGG"
1.841,0,0,10.65,11.54,9.108,4.493,1.118,9.293,6.527,2.151,"TCGA_LGG"
1.828,0.7118,1.186,8.487,10.92,9.284,5.61,4.847,10.4,5.341,1.828,"TCGA_LGG"
1.823,0.8844,0,8.255,11.27,8.988,4.811,4.154,12.07,5.571,1.429,"TCGA_LGG"
1.772,0,0,8.651,11.04,7.676,6.704,4.236,8.593,6.899,1.772,"TCGA_LGG"
1.71,0,0,8.708,11.36,7.829,5.335,4.651,10.49,6.384,2.655,"TCGA_LGG"
1.619,1.619,0.6023,9.169,11.34,8.231,4.932,2.8,8.5,6.062,0.6023,"TCGA_LGG"
1.341,0,1.341,8.848,11.16,9.094,2.272,1.722,10.69,4.489,0.8207,"TCGA_LGG"
1.326,0,1.326,9.487,11.11,9.522,4.073,0.9853,10.07,4.961,2.005,"TCGA_LGG"
1.243,1.609,0.7515,10.01,11.02,8.669,4.472,0.7515,11.85,5.505,0,"TCGA_LGG"
1.189,1.189,0,7.87,11.56,8.984,4.192,2.356,8.261,4.29,2.887,"TCGA_LGG"
0.8878,0,0,7.186,11.19,8.939,2.798,1.617,9.845,3.592,0.8878,"TCGA_LGG"
0.797,2.229,0,9.731,12.05,8.973,4.485,2.161,10.81,5.452,1.307,"TCGA_LGG"
0.7385,1.877,0,7.455,11.03,9.141,2.811,2.094,10.62,5.213,2.666,"TCGA_LGG"
0.6684,1.469,0,7.712,11.01,8.292,6.434,5.276,10.19,5.275,2.181,"TCGA_LGG"
0,0,1.227,9.431,10.66,8.96,3.849,1.014,8.32,6.089,1.591,"TCGA_LGG"
0,0,0,9.098,10.69,8.776,3.563,3.092,7.864,5.686,0,"TCGA_LGG"
11.29,7.275,2.027,10.13,10.87,7.651,9.808,9.022,9.857,7.737,2.027,"TCGA_GM"
10.06,2.331,0,8.684,12.11,8.68,7.876,6.073,9.855,6.386,3.596,"TCGA_GM"
9.921,6.154,1.291,8.417,12,8.364,8.471,6.791,10.25,6.154,1.291,"TCGA_GM"
9.904,5.392,0,9.183,12.01,8.922,8.212,7.677,9.742,7.164,3.156,"TCGA_GM"
9.846,7.015,1.807,9.237,11.75,8.277,8.319,6.858,9.769,6.909,3.346,"TCGA_GM"
9.725,5.121,0.7691,9.411,11.13,8.114,7.578,6.847,11.13,9.089,3.441,"TCGA_GM"
9.613,6.472,0,8.834,10.88,7.988,10.6,6.813,9.041,6.458,1.453,"TCGA_GM"
9.162,3.508,0,7.997,10.86,7.827,7.515,7.065,9.333,5.705,4.193,"TCGA_GM"
9.153,9.682,0,8.527,11.9,8.22,7.514,6.09,11.49,7.458,2.642,"TCGA_GM"
9.133,6.765,0.9659,9.965,12.43,8.008,8.217,6.901,10.73,7.366,4.741,"TCGA_GM"
9.065,6.078,2.992,8.861,11.22,9.315,7.836,6.478,11.41,8.928,0.9954,"TCGA_GM"
8.918,6.284,0,9.659,10.97,8.057,9.194,8.008,11.42,8.612,3.12,"TCGA_GM"
8.828,4.708,0.8981,9.627,11.15,9.284,7.953,7.723,9.867,6.024,6.264,"TCGA_GM"
8.716,6.809,0,8.794,11.41,8.094,8.295,7.708,10.12,8.143,2.046,"TCGA_GM"
8.359,3.773,0,9.669,11.34,8.039,7.924,8.248,10.78,6.248,1.638,"TCGA_GM"
8.337,6.852,0,11.06,11.99,8.866,7.084,7.205,9.949,7.139,2.064,"TCGA_GM"
8.286,3.276,0.9021,9.519,12.16,8.634,7.471,6.966,10.59,6.226,2.162,"TCGA_GM"
8.28,5.516,1.444,10.2,11.82,6.472,7.949,7.755,11.73,9.191,6.751,"TCGA_GM"
8.16,4.367,0.7884,8.663,11.9,8.634,6.792,5.547,8.98,6.544,2.423,"TCGA_GM"
8.14,6.722,0,9.674,11.74,7.125,7.697,6.922,10.4,7.07,5.33,"TCGA_GM"
8.093,4.714,0.9523,9.872,11.94,8.379,7.724,6.518,9.356,7.279,2.505,"TCGA_GM"
8.05,8.603,3.455,8.757,11.37,9.15,9.041,8.786,10.11,7.434,0.8722,"TCGA_GM"
7.969,5.074,0,8.619,11.72,7.165,8.041,6.808,10.62,7.526,4.772,"TCGA_GM"
7.965,7.181,1.772,9.46,11.44,6.756,9.369,8.483,10.45,8.102,2.078,"TCGA_GM"
7.932,9.635,0,8.679,11.8,8.624,5.692,4.521,8.837,6.446,2.601,"TCGA_GM"
7.927,3.804,0.7507,8.954,12.23,8.832,7.56,5.862,8.333,6.739,1.242,"TCGA_GM"
7.872,4.584,0.7568,9.082,11.94,8.33,7.381,5.318,9.167,6.465,1.96,"TCGA_GM"
7.858,4.622,0.8174,9.023,11.58,8.337,9.023,8.425,9.076,6.821,1.336,"TCGA_GM"
7.751,7.055,2,8.428,11.34,7.741,7.965,6.102,10.42,7.055,0,"TCGA_GM"
7.727,9.033,2.365,10.23,11.87,8.781,9.089,7.911,11.37,6.893,1.411,"TCGA_GM"
7.703,5.152,0,10.15,11.96,8.452,7.822,8.722,9.372,7.537,4.145,"TCGA_GM"
7.698,4.926,0.8614,9.024,11.71,8.545,7.943,6.154,10.15,6.84,1.787,"TCGA_GM"
7.642,4.96,0,9.517,11.97,8.942,6.606,7.193,9.011,5.787,3.706,"TCGA_GM"
7.565,6.211,0,8.628,11.19,7.635,8.651,7.453,9.656,7.016,1.93,"TCGA_GM"
7.507,6.943,0,9.11,11.76,8.041,7.968,6.284,10.31,7.115,1.847,"TCGA_GM"
7.413,3.792,0,9.219,12.17,7.061,7.845,5.127,11.46,7.685,4.504,"TCGA_GM"
7.303,4.805,0,9.233,11.5,7.84,8.267,6.709,9.908,6.485,2.76,"TCGA_GM"
7.209,5.182,0,8.96,12.71,7.868,6.888,5.776,11.1,5.819,0.7827,"TCGA_GM"
7.154,5.298,0,8.537,11.7,8.395,8.017,8.15,11.74,6.057,2.8,"TCGA_GM"
7.138,4.822,1.831,8.79,11.55,9.056,6.445,5.949,11.04,6.095,2.613,"TCGA_GM"
7.093,3.514,0.8495,8.738,11.46,8.437,7.191,7.818,10.74,6.96,7.572,"TCGA_GM"
7.081,5.432,0,8.681,11.83,8.175,6.964,6.513,10.95,8.524,4.521,"TCGA_GM"
6.994,4.671,0,8.835,12.15,8.152,7.749,7.193,10.02,5.755,1.014,"TCGA_GM"
6.97,4.488,0,8.743,11.81,9.533,6.639,4.927,8.52,5.771,3.717,"TCGA_GM"
6.95,2.774,0,9.303,12.42,8.891,7.508,3.234,11.55,5.851,1.808,"TCGA_GM"
6.943,3.959,0,8.26,11.59,7.689,7.044,5.158,9.343,5.964,2.901,"TCGA_GM"
6.872,2.776,0,8.772,11.56,9.153,6.83,5.719,9.184,5.722,0.8761,"TCGA_GM"
6.798,4.527,0.816,9.45,11.68,8.02,8.488,6.471,9.832,6.62,4.663,"TCGA_GM"
6.718,4.005,0,9.367,11.78,8.492,7.886,7.091,9.996,7.352,1.656,"TCGA_GM"
6.69,4.911,1.413,9.86,12.42,8.656,7.449,6.18,10.37,7.039,0.8729,"TCGA_GM"
6.673,0.7839,0,8.908,12.07,8.675,7.928,5.717,10.83,6.329,1.959,"TCGA_GM"
6.549,10.18,3.921,8.568,11.84,8.631,7.731,6.683,9.63,7.162,1.937,"TCGA_GM"
6.513,3.394,0,9.004,11.63,8.566,7.281,6.055,10.6,6.975,0,"TCGA_GM"
6.47,2.247,0,9.992,12.57,9.662,7.667,7.146,10.13,6.97,0.8066,"TCGA_GM"
6.36,4.277,0,9.837,11.68,8.568,7.813,8.253,9.023,6.089,0,"TCGA_GM"
6.353,4.679,0.9633,10.22,12.4,8.868,7.765,7.769,10.43,7.003,0.9633,"TCGA_GM"
6.327,0,0,9.423,11.67,9.368,5.602,4.494,9.821,6.163,1.288,"TCGA_GM"
6.29,6.893,1.194,8.786,11.89,8.142,7.698,5.786,8.903,6.719,1.194,"TCGA_GM"
6.286,2.401,0,9.619,11.72,9.256,6.451,6.565,9.136,6.451,2.401,"TCGA_GM"
6.262,1.989,0,9.184,11.79,8.599,7.239,6.443,10.91,6.37,2.237,"TCGA_GM"
6.194,5.637,0.9282,7.93,11.99,8.241,7.393,6.892,11.24,7.139,2.872,"TCGA_GM"
6.069,2.761,1.192,9.557,12.27,8.634,6.188,6.74,11.44,7.839,4.992,"TCGA_GM"
5.997,2.881,0,8.761,11.98,8.171,7.91,5.904,11.18,7.504,0.8444,"TCGA_GM"
5.958,4.002,0,9.05,12.04,7.396,7.199,5.571,10,6.1,0,"TCGA_GM"
5.895,4.456,0,8.807,11.62,8.197,7.933,7.59,10.41,7.766,4.793,"TCGA_GM"
5.796,1.381,0,10.02,11.74,8.663,6.027,6.319,9.496,7.086,0,"TCGA_GM"
5.717,4.28,1.156,11.31,12.21,9.051,6.818,6.518,9.816,7.177,2.228,"TCGA_GM"
5.703,1.912,0,8.835,12.16,8.487,6.63,5.3,10.66,6.39,2.363,"TCGA_GM"
5.65,3.959,0,8.773,11.76,8.871,6.99,5.989,11.08,7.111,1.255,"TCGA_GM"
5.625,2.742,0,8.806,11.55,9.009,5.925,4.379,10.41,5.401,1.648,"TCGA_GM"
5.577,9.111,0,8.856,11.98,7.62,6.388,4.38,10.4,6.591,2.291,"TCGA_GM"
5.42,3.375,0.7833,9.18,11.81,8.753,7.602,8.306,8.775,7.182,5.125,"TCGA_GM"
5.268,0,1.743,9.322,11.56,8.523,6.173,5.407,9.96,6.142,3.67,"TCGA_GM"
5.26,3.802,0,9.608,11.69,8.389,7.581,6.255,9.54,6.576,1.716,"TCGA_GM"
5.168,2.66,0,9.193,12.05,8.399,6.527,5.021,9.13,6.673,3.226,"TCGA_GM"
5.12,0,0,9.595,10.99,8.969,5.211,6.601,9.151,5.594,1.702,"TCGA_GM"
5.107,2.04,0,9.102,12.18,8.967,6.135,5.316,8.686,6.3,1.737,"TCGA_GM"
5.058,2.49,0,8.533,11.99,7.976,5.778,6.311,10.72,5.56,5.56,"TCGA_GM"
5.017,0,0,7.821,12.16,8.774,6.112,3.451,9.384,5.89,1.482,"TCGA_GM"
4.939,3.985,0,8.649,12.06,9.096,6.069,3.924,9.425,6.171,0.6942,"TCGA_GM"
4.905,4.225,0,8.629,11.28,8.309,5.82,6.121,10.58,8.211,2.077,"TCGA_GM"
4.822,6.793,1.899,9.499,10.79,8.486,7.684,6.576,10.54,8.094,2.355,"TCGA_GM"
4.791,6.568,0,10.67,12.24,8.166,7.581,7.249,10.94,6.357,3.475,"TCGA_GM"
4.769,3.643,0,8.995,11.68,7.906,6.041,4.486,9.589,6.564,2.099,"TCGA_GM"
4.722,8.827,1.757,9.319,11.89,7.882,7.712,5.241,8.297,6.08,3.598,"TCGA_GM"
4.704,4.368,0,9.435,12.44,7.717,6.902,5.429,11.45,7.035,1.601,"TCGA_GM"
4.691,2.478,0,8.736,11.66,8.404,7.19,4.721,10.43,6.703,1.206,"TCGA_GM"
4.623,1.571,0,10.61,11.4,8.805,6.189,5.093,9.428,5.787,1.571,"TCGA_GM"
4.59,8.007,0,9.2,11.11,8.333,7.059,5.148,10.82,6.602,2.489,"TCGA_GM"
4.586,1.507,0,10.28,11.77,8.265,7.676,5.993,10.38,7.389,3.697,"TCGA_GM"
4.555,1.322,0,8.778,11.68,8.687,5.023,4.46,10.36,4.508,2,"TCGA_GM"
4.496,5.988,0,8.695,11.8,9.061,6.565,5.483,10.63,7.651,3.076,"TCGA_GM"
4.384,4.447,0,9.34,11.63,8.586,5.784,4.998,9.305,6.496,1.728,"TCGA_GM"
4.378,4.94,0,8.469,12.18,8.874,5.842,5.615,9.532,6.923,1.344,"TCGA_GM"
4.357,2.339,0,8.462,11.57,7.571,6.645,5.572,10.34,7.316,4.038,"TCGA_GM"
4.209,4,0,9.053,12.12,8.943,6.272,5.689,8.943,6.426,2.248,"TCGA_GM"
4.16,3.239,0,8.903,11.74,9.379,4.85,5.654,8.756,5.737,2.954,"TCGA_GM"
4.107,4.047,0,8.283,12.37,9.486,4.869,4.557,9.862,4.761,0.7704,"TCGA_GM"
4.062,5.051,0,8.377,10.92,8.265,6.492,5.435,9.97,6.141,0,"TCGA_GM"
3.757,5.535,0,8.655,12,8.371,6.142,4.129,9.687,5.918,4.941,"TCGA_GM"
3.58,6.976,0,8.8,11.97,8.449,5.684,5.303,7.142,5.201,1.674,"TCGA_GM"
3.414,1.314,0.8015,8.779,11.97,8.506,4.542,4.166,9.425,6.694,1.314,"TCGA_GM"
3.159,1.215,0,9.228,11.44,8.943,5.414,5.137,9.213,4.67,0,"TCGA_GM"
2.865,5.274,0,7.751,12.59,7.428,6.854,5.685,11.42,8.507,2.7,"TCGA_GM"
2.535,3.944,0,9.672,11.53,8.722,7.13,5.532,9.169,6.568,3.495,"TCGA_GM"
2.319,6.083,0,10.14,12.24,8.603,5.581,3.449,9.824,6.841,0,"TCGA_GM"
7.262,1.102,0,9.739,12.34,9.083,3.64,5.252,9.741,4.649,1.102,"GTEX_Brain"
6.957,0,0,9.321,12.67,8.94,5.113,6.874,10.35,5.518,1.926,"GTEX_Brain"
6.589,1.205,0,9.45,12.43,8.915,3.941,6.743,9.768,5.127,0,"GTEX_Brain"
6.575,1.932,0,9.442,12.46,9.028,3.617,5.749,9.751,4.866,1.268,"GTEX_Brain"
6.562,0,1.955,9.275,12.58,9.234,4.825,5.98,10.01,5.556,1.286,"GTEX_Brain"
6.49,0,1.117,9.705,12.64,9.046,3.527,7.044,9.147,5.307,1.74,"GTEX_Brain"
6.466,2.902,2.083,9.451,11.84,9.208,5.194,6.823,9.724,4.833,2.549,"GTEX_Brain"
6.435,0,0,9.711,12.76,9.05,2.875,6.215,9.192,4.599,2.385,"GTEX_Brain"
6.33,0,1.105,9.818,12.65,9.191,3.645,7.401,9.736,5.407,2.487,"GTEX_Brain"
6.318,0,1.007,9.788,12.74,8.882,3.473,6.133,9.542,4.968,1.595,"GTEX_Brain"
6.269,0,0,9.6,12.12,9.038,3.479,6.388,9.871,5.436,0,"GTEX_Brain"
6.259,0,2.22,9.44,12.48,9.514,3.427,6.899,9.478,4.52,1.782,"GTEX_Brain"
6.221,0,1.958,9.259,12.44,8.872,2.76,7.083,10,5.372,1.958,"GTEX_Brain"
6.181,0,2.063,9.187,12.73,8.925,4.725,7.128,9.077,5.558,2.063,"GTEX_Brain"
6.166,0,1.052,9.479,12.93,8.944,4.266,7.025,9.356,4.853,0,"GTEX_Brain"
6.087,0,0,9.349,12.65,9.061,4.075,6.748,9.567,7.047,1.466,"GTEX_Brain"
6.046,0,0,8.781,12.1,9.211,2.47,7.768,9.475,5.627,2.47,"GTEX_Brain"
6.009,0,0,9.728,12.36,8.937,5.926,5.199,10.13,4.415,1.135,"GTEX_Brain"
6.001,0,1.684,9.839,12.38,8.997,2.707,6.453,9.173,4.137,1.684,"GTEX_Brain"
5.976,0,1.307,9.357,12.63,8.986,4.784,6.307,9.715,5.942,2.44,"GTEX_Brain"
5.955,0,1.091,10.08,12.3,9.507,3.864,6.907,9.703,5.42,2.733,"GTEX_Brain"
5.941,1.955,0,9.305,11.91,9.269,4.497,6.234,8.728,4.402,0,"GTEX_Brain"
5.891,0,1.086,9.419,12.5,9.097,5.162,5.993,9.495,4.245,1.086,"GTEX_Brain"
5.889,0,0.8376,8.833,13.04,9.188,3.923,7.855,9.037,4.065,2.303,"GTEX_Brain"
5.858,1.181,1.181,9.508,12.7,8.741,2.601,7.212,9.777,5.419,1.821,"GTEX_Brain"
5.744,0,0,9.267,12.62,8.97,4.082,6.038,9.948,5.294,2.531,"GTEX_Brain"
5.743,0,1.299,9.446,12.75,8.734,3.053,6.52,9.786,4.69,1.971,"GTEX_Brain"
5.728,0,0,9.358,12.7,8.646,3.31,6.758,9.495,5.362,1.99,"GTEX_Brain"
5.7,2.579,0,10.13,12.39,8.94,3.608,6.891,10.22,5.63,1.802,"GTEX_Brain"
5.688,0,0,9.326,12.6,8.832,3.949,6.175,9.526,5.282,2.463,"GTEX_Brain"
5.683,0,0,9.129,12.51,8.934,4.548,6.371,9.274,5.775,2.124,"GTEX_Brain"
5.679,1.984,1.984,8.979,12.21,9.652,5.188,7.188,9.873,5.3,3.068,"GTEX_Brain"
5.657,0,1.796,9.401,12.89,9.103,3.74,7.245,9.7,5.621,1.161,"GTEX_Brain"
5.639,0,0,9.106,11.54,9.622,4.437,6.661,9.99,5.888,2.73,"GTEX_Brain"
5.561,0,0,10.56,12.3,9.025,4.489,6.525,9.69,5.344,1.406,"GTEX_Brain"
5.517,0,0,9.286,12.39,8.624,6.053,5.104,9.495,5.478,1.775,"GTEX_Brain"
5.503,0,0,10.45,12.19,8.858,5.149,6.863,9.173,5.503,3.98,"GTEX_Brain"
5.446,1.304,0,9.389,12.45,9.088,3.672,6.766,9.527,4.219,1.304,"GTEX_Brain"
5.44,1.747,0,10.11,12.32,9.233,3.803,6.771,9.321,5.817,2.784,"GTEX_Brain"
5.426,0,0,9.307,12.32,9.044,4.858,6.574,10.21,6.61,1.826,"GTEX_Brain"
5.369,1.128,1.754,9.2,12.63,9.047,4.232,7.122,9.418,5.239,1.754,"GTEX_Brain"
5.358,0,0,9.436,12.26,8.977,6.34,6.78,7.769,6.12,5.546,"GTEX_Brain"
5.221,0,0,9.983,12.22,9.051,3.884,6.167,9.718,4.211,1.171,"GTEX_Brain"
5.181,1.096,1.096,9.271,12.56,8.721,3.757,5.46,9.034,5.391,1.712,"GTEX_Brain"
5.084,0,0,10.11,12.25,9.047,3.631,6.046,9.291,4.912,1.18,"GTEX_Brain"
5.005,0,0,9.35,12.81,8.712,4.049,7.641,9.277,5.318,2.039,"GTEX_Brain"
5,1.886,0,9.531,12.38,8.484,4.211,5.937,9.421,4.211,1.231,"GTEX_Brain"
4.899,0,0,9.762,12.45,8.638,3.947,4.755,10.12,5.36,1.38,"GTEX_Brain"
4.892,1.952,1.284,8.929,12.74,9.019,3.641,7.351,10.22,5.413,1.284,"GTEX_Brain"
4.884,1.2,0,9.281,11.98,8.636,4.681,5.843,9.033,5.725,1.846,"GTEX_Brain"
4.873,3.383,0,9.194,11.77,7.998,0,4.091,8.733,4.873,0,"GTEX_Brain"
4.839,1.252,0,11.43,12.06,9.51,3.591,4.042,9.437,5.849,2.983,"GTEX_Brain"
4.756,0,1.799,9.037,12.1,9.158,4.942,7.236,9.942,5.919,1.799,"GTEX_Brain"
4.734,0,1.114,9.741,12.64,9.333,2.77,7.67,9.815,4.855,1.114,"GTEX_Brain"
4.482,1.875,0,9.495,11.33,8.899,4.089,4.912,10.04,6.411,0,"GTEX_Brain"
4.477,0,0,10.45,11.77,8.274,4.477,2.66,9.234,6.132,3.541,"GTEX_Brain"
4.28,0,0,9.442,12.52,9.095,3.952,6.63,9.731,5.556,1.861,"GTEX_Brain"
4.246,0,2.094,9.336,12.54,9.15,2.914,6.932,9.727,5.596,2.094,"GTEX_Brain"
4.243,1.319,1.319,9.279,12.42,8.983,2.455,7.012,9.524,5.316,1.319,"GTEX_Brain"
4.199,0,0,8.601,11.43,8.479,4.199,5.696,8.993,4.199,0,"GTEX_Brain"
4.089,0,0,9.569,12.39,9.053,3.484,7.154,8.574,4.603,3.283,"GTEX_Brain"
4.063,0,0,9.424,12.28,8.728,4.488,6.451,9.738,5.141,1.948,"GTEX_Brain"
3.895,1.108,0,9.616,12.75,8.863,4.447,6.349,9.381,4.447,2.16,"GTEX_Brain"
3.78,2.881,0,10.16,12.12,8.385,4.474,5.68,8.928,5.441,2.881,"GTEX_Brain"
3.757,6.141,0,9.224,11.79,8.67,5.32,6.766,9.69,6.169,3.224,"GTEX_Brain"
3.714,0,1.145,9.199,12.65,9.175,2.82,7.602,9.73,5.795,2.213,"GTEX_Brain"
3.685,0,0,9.191,11.71,9.243,6.51,6.949,9.996,6.687,1.754,"GTEX_Brain"
3.522,1.459,0,9.389,11.3,8.655,5.642,4.764,9.69,5.365,2.169,"GTEX_Brain"
3.486,0,0,9.525,12.87,8.874,4.42,7.73,9.496,5.822,1.708,"GTEX_Brain"
3.044,0,0,10.42,12.33,9.175,3.478,6.514,9.98,5.378,2.765,"GTEX_Brain"
2.825,0,0,9.743,10.63,9.012,6.963,6.516,9.436,6.36,0,"GTEX_Brain"
2.769,0,0,10.32,11.46,8.965,4.764,7.67,9.524,6.874,2.769,"GTEX_Brain"
0,0,0,9.119,11.09,7.612,7.076,5.251,9.618,7.809,2.067,"GTEX_Brain"
7.535,0,2.171,9.388,12.81,9.229,4.971,6.692,9.511,4.46,1.738,"GTEX_Brain"
7.373,0,0,9.439,13.19,9.041,4.211,6.924,9.959,5.428,2.504,"GTEX_Brain"
7.37,0,2.603,9.182,12.73,9.187,3.828,6.676,9.78,5.448,1.6,"GTEX_Brain"
7.17,0,1.742,9.695,12.93,8.915,4.612,6.844,10.13,5.393,1.119,"GTEX_Brain"
7.137,0,2.615,9.646,12.79,8.8,3.648,7.092,9.341,4.034,1.19,"GTEX_Brain"
7.135,0,1.881,8.946,12.66,8.977,4.205,5.764,9.83,4.573,1.227,"GTEX_Brain"
7.127,1.109,0,9.433,12.61,9.426,4.522,7.502,9.997,5.291,0,"GTEX_Brain"
6.747,0,1.297,8.727,12.15,9.146,3.82,7.093,9.491,5.574,0,"GTEX_Brain"
6.607,0,1.204,8.878,12.04,9.218,5.767,6.669,10.16,6.235,1.204,"GTEX_Brain"
6.583,0,1.09,8.855,12.8,9.322,5.3,7.069,10.3,4.415,1.09,"GTEX_Brain"
6.531,0,0,9.199,12.58,9.271,4.242,6.101,9.699,4.777,0,"GTEX_Brain"
6.339,0,0,8.95,12.22,9.16,4.688,5.4,10.65,5.924,0,"GTEX_Brain"
6.333,2.832,1.605,9.303,11.97,8.951,3.934,6.86,9.828,5.81,2.832,"GTEX_Brain"
6.311,0,2.07,8.779,12.32,9.2,3.609,6.871,9.388,4.818,0,"GTEX_Brain"
6.259,0,0,8.9,11.9,8.834,3.864,6.535,10.24,5.788,0,"GTEX_Brain"
6.238,1.151,1.783,9.233,12.86,9.019,4.077,7.549,10.19,5.955,1.783,"GTEX_Brain"
6.206,0,0,9.212,12.04,9.069,5.685,5.744,9.73,6.011,2.244,"GTEX_Brain"
6.122,2.225,1.787,9.578,11.43,9.179,4.277,6.769,9.955,6.377,3.062,"GTEX_Brain"
5.996,0,0,9.3,12.83,8.979,4.128,7.235,9.989,5.627,0,"GTEX_Brain"
5.929,1.221,0,8.92,12.07,9.27,4.296,7.103,10.16,6.407,0,"GTEX_Brain"
5.877,0,1.209,9.021,12.69,9.486,4.502,8.006,8.775,4.227,2.304,"GTEX_Brain"
5.861,0,3.136,8.991,11.95,9.228,3.665,7.716,9.445,5.497,1.847,"GTEX_Brain"
5.806,1.169,0,9.162,12.57,8.827,5.356,6.425,9.729,4.628,1.169,"GTEX_Brain"
5.751,0,0,9.226,12.49,8.875,5.18,5.881,9.86,3.672,0,"GTEX_Brain"
5.751,0,0,9.117,12.24,9.024,4.564,6.189,9.266,4.564,2.468,"GTEX_Brain"
5.672,1.358,0,9.401,11.94,9.189,4.414,6.319,9.704,5.758,0,"GTEX_Brain"
5.593,0,2.919,8.474,12.22,9.317,4.067,7.449,10.36,6.141,1.21,"GTEX_Brain"
5.504,0,0,8.865,11.61,9.159,4.856,5.713,10.32,6.435,1.403,"GTEX_Brain"
5.479,0,2.166,8.794,11.96,9.081,5.017,6.874,9.87,6.247,0,"GTEX_Brain"
5.47,0,1.118,9.143,11.79,8.762,4.863,5.738,10.17,5.778,0,"GTEX_Brain"
5.399,0,3.125,9.098,11.9,9.067,2.894,6.042,8.802,3.323,0,"GTEX_Brain"
5.399,0,1.1,9.052,12.43,9.493,4.433,8.088,10.23,6.214,0,"GTEX_Brain"
5.343,0,2.151,9.152,12.61,8.758,4.649,6.734,10.07,4.999,0,"GTEX_Brain"
5.222,0,2.056,8.294,11.57,9.417,4.07,5.671,9.892,5.968,0,"GTEX_Brain"
5.216,1.363,1.363,9.263,11.26,8.918,5.154,6.687,9.577,4.948,1.363,"GTEX_Brain"
5.073,1.812,1.174,9.018,12.03,9.165,4.216,6.309,9.268,5.749,2.254,"GTEX_Brain"
4.955,1.138,1.138,9.285,11.94,9.299,4.777,5.955,10.35,5.58,1.766,"GTEX_Brain"
4.859,0,0,9.13,11.33,8.71,5.246,5.75,9.611,6.916,1.185,"GTEX_Brain"
4.83,1.441,2.62,9.125,11.71,8.793,5.142,5.766,9.909,5.276,1.441,"GTEX_Brain"
4.722,0,2.526,8.83,11.91,9.074,4.077,6.729,10.56,6.27,1.371,"GTEX_Brain"
4.691,1.409,0,8.418,11.17,9.029,5.288,5.716,9.732,5.663,0,"GTEX_Brain"
4.689,0,0,9.124,11.6,9.285,4.261,7.019,9.948,5.286,0,"GTEX_Brain"
4.449,0,0,8.412,11.11,9.122,4.915,5.831,10.64,7.258,0,"GTEX_Brain"
4.415,2.667,0,10.61,11.56,8.507,6.471,5.688,9.426,6.604,1.651,"GTEX_Brain"
4.374,1.068,0,9.553,11.81,9.446,4.213,6.912,10.37,6.524,1.675,"GTEX_Brain"
4.297,0,2.407,8.886,11.63,9.248,4.187,7.117,10.26,6.724,1.952,"GTEX_Brain"
4.284,1.61,0,9.479,11.1,8.243,5.592,3.95,9.117,5.081,0,"GTEX_Brain"
4.113,0,2.686,8.575,11.47,8.749,4.113,5.88,9.06,4.113,0,"GTEX_Brain"
4.026,0,0,8.247,10.93,9.938,4.384,7.152,10.56,6.835,0,"GTEX_Brain"
3.911,0,0,8.653,11.97,8.703,5.174,4.093,9.903,5.174,0,"GTEX_Brain"
3.896,0,0,8.607,11.7,9.294,3.717,6.278,10.25,6.138,0,"GTEX_Brain"
3.841,0,0,9.205,11.16,8.749,5.156,5.459,9.783,6.292,1.875,"GTEX_Brain"
3.704,0,0,8.451,10.84,8.905,4.887,4.532,10.67,7.339,1.324,"GTEX_Brain"
3.699,0,0,8.692,10.75,9.219,4.643,5.413,10.13,6.235,0,"GTEX_Brain"
3.579,0,1.498,10.39,11.07,8.257,5.753,3.757,9.737,7.369,2.217,"GTEX_Brain"
3.406,0,0,9.047,11.97,9.28,4.644,6.178,10.11,5.986,1.378,"GTEX_Brain"
3.25,0,1.645,8.128,10.61,9.335,5.131,5.043,10.53,6.688,2.394,"GTEX_Brain"
2.6,0,0,7.975,11,8.276,5.541,6.557,9.015,4.572,1.82,"GTEX_Brain"
2.331,0,1.593,8.186,11.22,8.615,5.739,5.257,9.862,5.221,0,"GTEX_Brain"
1.797,0,0,11.04,10.84,9.576,4.541,2.543,9.235,6.679,3.446,"GTEX_Brain"
7.801,0,0,9.657,12.9,8.872,4.614,6.181,10.23,4.792,1.048,"GTEX_Brain"
7.36,0,0,9.436,12.35,8.72,4.845,4.556,9.571,4.592,2.029,"GTEX_Brain"
7.273,1.064,0,9.405,12.36,9.207,3.434,5.762,9.64,5.251,1.064,"GTEX_Brain"
7.245,0,0,9.597,12.81,9.054,4.471,6.814,10.05,4.387,0,"GTEX_Brain"
7.207,0,0.9182,9.426,12.8,9.237,4.232,7.081,9.165,5.193,1.875,"GTEX_Brain"
7.012,0,1.231,9.288,12.5,9.134,4.102,7.182,9.536,5.669,1.231,"GTEX_Brain"
6.969,0,0,9.321,12.96,9.323,4.069,6.495,9.898,5.505,0,"GTEX_Brain"
6.943,1.006,0,9.272,12.72,8.855,4.26,6.878,10.02,5.182,1.006,"GTEX_Brain"
6.915,0,0.9417,9.095,13.13,9.122,3.591,7.552,9.212,4.929,0.9417,"GTEX_Brain"
6.739,1.012,2.019,9.047,13.01,8.943,4.483,6.465,9.234,4.779,1.602,"GTEX_Brain"
6.736,0,2.006,9.357,12.77,8.9,3.708,7.146,9.941,5.274,0,"GTEX_Brain"
6.658,0,1.585,8.934,11.88,8.867,6.6,6.188,9.674,5.044,0,"GTEX_Brain"
6.578,0,0,9.859,12.41,9.019,3.58,6.173,9.184,4.756,1.245,"GTEX_Brain"
6.49,1.753,2.187,9.595,12.36,8.539,4.231,5.161,9.704,4.555,1.128,"GTEX_Brain"
6.439,0,1.34,9.199,12.87,8.508,4.912,6.699,9.817,5.117,0,"GTEX_Brain"
6.385,0,0,9.069,12.2,9.591,2.809,6.468,9.88,5.525,2.461,"GTEX_Brain"
6.382,0,0,9.795,12.63,8.972,4.164,6.046,9.611,3.48,2.463,"GTEX_Brain"
6.364,1.376,1.376,9.38,12.51,8.901,3.605,7.044,10.07,4.813,1.376,"GTEX_Brain"
6.347,0,0,9.178,12.62,8.91,3.829,6.37,10.02,5.66,2.434,"GTEX_Brain"
6.327,0,0,9.098,12.36,9.387,4.859,7.272,9.151,5.359,0,"GTEX_Brain"
6.327,0,0,8.225,11.88,9.443,4.046,7.645,8.923,5.218,0,"GTEX_Brain"
6.305,1.103,1.103,9.537,12.94,8.954,2.753,6.531,9.985,5.051,2.753,"GTEX_Brain"
6.291,0,1.181,9.738,12.45,9.103,2.875,6.707,9.429,5.761,1.822,"GTEX_Brain"
6.281,1.125,2.184,9.389,12.82,8.988,2.517,7.273,8.854,2.184,0,"GTEX_Brain"
6.273,0,0,9.322,12.73,8.99,3.319,6.746,9.485,5.473,0,"GTEX_Brain"
6.236,0,0,8.955,12.7,8.8,3.772,6.427,9.099,5.645,2.058,"GTEX_Brain"
6.126,0,0,9.28,12.86,9.017,4.976,7.284,9.321,5.214,0,"GTEX_Brain"
6.115,0,0,9.742,12.17,9.276,3.401,6.594,9.714,6.115,2.969,"GTEX_Brain"
6.064,1.362,1.362,8.788,12.27,9.204,4.061,6.391,10.29,5.722,0,"GTEX_Brain"
6.006,0,0,9.553,13.09,8.464,5.151,6.19,9.662,4.097,1.723,"GTEX_Brain"
5.959,0,0,8.649,11.85,9.033,5.736,7.354,8.98,4.582,1.828,"GTEX_Brain"
5.936,0,0,9.204,12.67,8.849,4.569,6.307,9.217,4.302,1.225,"GTEX_Brain"
5.894,0,0,9.023,11.86,9.084,4.316,5.301,9.882,4.834,1.443,"GTEX_Brain"
5.824,0,2.343,9.134,12.46,9.171,4.322,7.028,9.605,4.59,2.961,"GTEX_Brain"
5.678,0,0,9.774,12.34,8.765,3.464,5.023,9.055,5.124,1.811,"GTEX_Brain"
5.659,2.105,1.071,9.121,12.73,8.935,3.293,7.351,9.65,3.828,1.678,"GTEX_Brain"
5.606,1.435,0,8.916,11.82,9.084,4.303,6.711,9.71,5.266,0,"GTEX_Brain"
5.574,0,0,9.438,12.3,9.067,4.84,6.873,9.738,5.858,1.447,"GTEX_Brain"
5.567,1.637,0,8.848,11.95,8.808,4.321,6.338,10.04,5.36,1.637,"GTEX_Brain"
5.56,0,0,9.149,12.54,9.346,4.591,6.759,9.999,5.068,2.868,"GTEX_Brain"
5.532,0,0,9.527,12.76,8.808,2.698,7.385,10.27,4.683,1.246,"GTEX_Brain"
5.497,0,0,9.554,12.83,8.734,4.445,5.576,9.749,4.445,0,"GTEX_Brain"
5.465,0,2.03,8.524,12.31,9.338,4.037,7.764,9.563,4.167,0,"GTEX_Brain"
5.399,0,1.305,9.239,12.18,9.163,4.331,7.619,9.635,5.587,1.305,"GTEX_Brain"
5.276,0,1.175,9.279,12.68,8.904,3.468,6.33,10.15,4.963,1.814,"GTEX_Brain"
5.16,0,2.008,9.305,12.12,9.22,2.008,7.995,9.828,5.668,2.008,"GTEX_Brain"
5.084,0,2.355,8.939,11.78,9.099,4.52,6.22,10.09,4.126,2.355,"GTEX_Brain"
4.861,1.828,0,8.474,11.18,9.205,4.861,6.216,10.31,6.537,0,"GTEX_Brain"
4.842,0,0,8.447,11.44,9.21,4.232,5.083,9.898,5.269,0,"GTEX_Brain"
4.752,0,0,8.536,11.14,8.432,4.13,6.153,8.811,4.13,0,"GTEX_Brain"
4.631,0,1.262,8.946,11.85,9.437,3.764,5.973,9.989,5.277,0,"GTEX_Brain"
4.58,0,0,9.045,12.43,9.049,4.067,6.628,9.904,5.755,0,"GTEX_Brain"
4.425,0,0,9.417,10.62,9.865,4.823,4.927,9.208,5.964,2.142,"GTEX_Brain"
4.385,3.2,1.118,8.94,11.75,9.075,5.681,7.148,8.605,5.866,1.118,"GTEX_Brain"
4.1,0,0,9.536,11.8,9.26,6.189,6.629,9.775,5.901,2.434,"GTEX_Brain"
4.072,0,0,10.98,11.53,8.704,5.817,5.607,9.478,6.698,0,"GTEX_Brain"
4.061,0,1.946,9.48,12.38,8.819,4.485,6.608,8.533,3.634,1.946,"GTEX_Brain"
4.045,0,0,9.833,11.61,8.949,5.217,4.713,9.886,5.474,0,"GTEX_Brain"
3.896,1.452,0,9.306,11.34,8.948,2.99,5.651,10.45,6.831,0,"GTEX_Brain"
3.738,1.612,0,8.622,11.19,9.044,4.683,5.115,10.24,6.269,0,"GTEX_Brain"
3.669,0,1.562,8.827,11.93,9.077,3.428,7.842,8.985,6.233,1.562,"GTEX_Brain"
3.324,0,0,8.785,11.75,9.18,3.947,6.972,10.1,5.14,1.487,"GTEX_Brain"
3.036,0,0,9.338,12.51,9.253,3.359,7.338,9.891,5.947,1.021,"GTEX_Brain"
2.49,1.727,1.107,9.552,12.72,8.869,2.987,7.337,10.13,5.695,1.107,"GTEX_Brain"
2.277,0,0,9.553,12.12,8.929,3.12,0,8.776,3.755,0,"GTEX_Brain"
0.7354,0.7354,0,9.447,11.25,8.721,4.026,0.9343,8.337,5.812,0,"TCGA_LGG"
5.297,1.521,0.952,9.765,12.44,8.754,6.379,5.496,9.863,6.518,0.952,"TCGA_GM"
